stock_code,时间,公告
300817,2023/6/1,双飞股份:2022年年度权益分派实施公告
300817,2023/5/12,双飞股份:浙江六和律师事务所关于浙江双飞无油轴承股份有限公司2022年年度股东大会的法律意见书
300817,2023/5/12,双飞股份:2022年年度股东大会决议公告
300817,2023/5/5,双飞股份:关于召开2022年年度股东大会的提示性公告
300817,2023/4/26,双飞股份:2023年一季度报告
300817,2023/4/26,双飞股份:第四届监事会第十七次会议决议公告
300817,2023/4/26,双飞股份:关于变更高级管理人员的公告
300817,2023/4/26,双飞股份:独立董事关于聘任公司副总经理的独立意见
300817,2023/4/26,双飞股份:第四届董事会第二十次会议决议公告
300817,2023/4/26,双飞股份:2023年第一季度报告披露的提示性公告
301192,2023/6/26,泰祥股份:关于控股子公司完成工商变更登记并换发营业执照的公告
301192,2023/6/20,泰祥股份:关于重大资产重组实施的进展公告
301192,2023/6/12,泰祥股份:股票交易异常波动公告
301192,2023/5/25,泰祥股份:2023年5月25日投资者关系活动记录表
301192,2023/5/22,泰祥股份:2022年年度权益分派实施公告
301192,2023/5/22,泰祥股份:关于参加湖北辖区上市公司2023年度投资者网上集体接待日活动的公告
301192,2023/5/8,泰祥股份:独立董事关于第三届董事会第二十二次会议相关事项的独立意见
301192,2023/5/8,泰祥股份:长江证券承销保荐有限公司关于十堰市泰祥实业股份有限公司向控股子公司提供财务资助的核查意见
301192,2023/5/8,泰祥股份:第三届董事会第二十二次会议决议公告
301192,2023/5/8,泰祥股份:第三届监事会第十九次会议决议公告
300657,2023/6/30,弘信电子:弘信电子投资者关系管理档案
300657,2023/6/19,弘信电子:关于与摩尔线程智能科技（北京）有限责任公司签订战略合作协议的公告
300657,2023/6/10,弘信电子:关于股东减持计划实施完成的公告
300657,2023/6/3,弘信电子:关于股东减持计划实施完成的公告
300657,2023/5/23,弘信电子:关于为子公司提供担保的进展公告
300657,2023/5/19,弘信电子:关于控股股东部分股份解除质押及再质押的公告
300657,2023/5/19,弘信电子:2022年年度股东大会决议公告
300657,2023/5/19,弘信电子:北京国枫律师事务所关于厦门弘信电子科技集团股份有限公司2022年年度股东大会的法律意见书
300657,2023/5/13,弘信电子:国信证券股份有限公司关于厦门弘信电子科技集团股份有限公司2020年度向不特定对象发行可转换公司债券的保荐总结报告书
300657,2023/5/10,弘信电子:关于为子公司提供担保的进展公告
301141,2023/7/6,中科磁业:股票交易异常波动的公告
301141,2023/7/4,中科磁业:关于公司扩能规划暨与东阳市高铁新城管委会签署投资协议的公告
301141,2023/7/4,中科磁业:关于调整公司组织架构的公告
301141,2023/6/6,中科磁业:浙江中科磁业股份有限公司2022年年度权益分派实施公告
301141,2023/5/24,中科磁业:关于相关股东延长股份锁定期的公告
301141,2023/5/24,中科磁业:中科磁业:关于相关股东延长股份锁定期的公告
301141,2023/5/24,中科磁业:天风证券股份有限公司关于浙江中科磁业股份有限公司相关股东延长锁定期的核查意见
301141,2023/5/18,中科磁业:2022年年度股东大会决议公告
301141,2023/5/18,中科磁业:上海通力律师事务所关于浙江中科磁业股份有限公司2022年年度股东大会法律意见书
301141,2023/5/18,中科磁业:中科磁业:2022年年度股东大会决议公告
300475,2023/6/28,香农芯创:2022年年度权益分派实施公告
300475,2023/6/21,香农芯创:关于为全资子公司提供担保的进展公告
300475,2023/6/16,香农芯创:关于为全资子公司提供担保的进展公告
300475,2023/6/8,香农芯创:关于为全资子公司提供担保暨全资子公司接受关联方关联担保的进展公告
300475,2023/6/6,香农芯创:关于为全资子公司提供担保的进展公告
300475,2023/6/5,香农芯创:关于股东股份解除质押及质押的公告
300475,2023/6/5,香农芯创:关于持股5%以上股东持股比例降至5%以下的权益变动提示性公告
300475,2023/6/5,香农芯创:简式权益变动报告书
300475,2023/5/31,香农芯创:关于为全资子公司提供担保的进展公告
300475,2023/5/26,香农芯创:第四届董事会第三十三次（临时）会议决议公告
301186,2023/6/21,超达装备:关于可转换公司债券2023年跟踪评级结果的公告
301186,2023/6/21,超达装备:南通超达装备股份有限公司向不特定对象发行可转换公司债券2023年跟踪评级报告
301186,2023/6/12,超达装备:南通超达装备股份有限公司可转换债券交易异常波动公告
301186,2023/5/29,超达装备:2023年5月26日投资者关系活动记录表
301186,2023/5/19,超达装备:关于控股股东可转换公司债券质押的公告
301186,2023/5/18,超达装备:2023年5月18日2022年度网上业绩说明会投资者关系活动记录表
301186,2023/5/17,超达装备:2022年年度股东大会决议公告
301186,2023/5/17,超达装备:北京市环球律师事务所关于南通超达装备股份有限公司2022年年度股东大会之法律意见书
301186,2023/5/10,超达装备:关于签署募集资金三方监管协议的公告
301186,2023/5/9,超达装备:关于举行2022年度业绩说明会的公告
300270,2023/6/20,中威电子:关于公司持股5%以上股东、董事减持股份预披露公告
300270,2023/5/27,中威电子:关于对深圳证券交易所年报问询函回复的公告
300270,2023/5/27,中威电子:大华核字[2023]0012075号――大华会计师事务所（特殊普通合伙）关于对杭州中威电子股份有限公司2022年报问询函的回复
300270,2023/5/25,中威电子:浙江浙经律师事务所关于杭州中威电子股份有限公司2023年第二次临时股东大会的法律意见书
300270,2023/5/25,中威电子:2023年第二次临时股东大会决议公告
300270,2023/5/23,中威电子:关于延期回复深圳证券交易所年报问询函的公告
300270,2023/5/15,关于中威电子的年报问询函
300270,2023/5/15,中威电子:第五届董事会第七次会议决议公告
300270,2023/5/15,中威电子:关于2023年第二次临时股东大会增加临时提案暨股东大会补充通知的公告
300270,2023/5/15,中威电子:独立董事关于第五届董事会第七次会议相关事项的事前认可意见
301007,2023/6/16,德迈仕:关于对深圳证券交易所2022年年报问询函回复的公告
301007,2023/6/9,德迈仕:2023年6月9日投资者关系活动记录表
301007,2023/6/6,德迈仕:2023年6月6日投资者关系活动记录表
301007,2023/6/2,德迈仕:2023年6月2日投资者关系活动记录表
301007,2023/5/18,德迈仕:2022年年度权益分派实施公告
301007,2023/5/16,德迈仕:第三届董事会第十次会议决议公告
301007,2023/5/16,德迈仕:关于全资子公司签署《采购协议》的自愿性信息披露公告
301007,2023/5/8,德迈仕:北京市天元律师事务所关于德迈仕2022年年度股东大会的法律意见
301007,2023/5/8,德迈仕:2022年年度股东大会决议公告
301007,2023/4/27,德迈仕:2023年4月27日投资者关系活动记录表（业绩说明会）
300008,2023/6/20,天海防务:关于全资子公司开展售后回租业务暨公司提供担保的公告
300008,2023/5/30,天海防务:关于为全资子公司提供担保的公告
300008,2023/5/29,天海防务:关于2022年年报问询函回复的公告
300008,2023/5/27,天海防务:关于对外投资设立控股子公司的公告
300008,2023/5/27,天海防务:第五届董事会第二十四次会议决议公告
300008,2023/5/26,天海防务:天海防务调研活动信息
300008,2023/5/22,关于天海防务的年报问询函
300008,2023/5/18,天海防务:关于继续为全资子公司申请银行授信额度提供担保的公告
300008,2023/5/18,天海防务:关于收到行政监管措施决定书的公告
300008,2023/5/13,天海防务:天海防务_2022年年度股东大会的法律意见书_TS230512
600463,2023/6/15,空港股份:空港股份关于董事会、监事会延期换届选举的提示性公告
600463,2023/6/2,空港股份:空港股份关于2022年度业绩暨现金分红说明会召开情况的公告
600463,2023/5/25,空港股份:空港股份关于召开2022年度业绩暨现金分红说明会的公告
600463,2023/5/13,空港股份:空港股份关于公司高级管理人员辞职的公告
600463,2023/5/6,空港股份:北京海润天睿律师事务所关于北京空港科技园区股份有限公司2022年年度股东大会的法律意见书
600463,2023/5/6,空港股份:空港股份未来三年（2023年-2025年）股东回报规划
600463,2023/5/6,空港股份:空港股份2022年年度股东大会决议公告
600463,2023/4/29,空港股份:空港股份关于控股子公司2023年第一季度新签合同情况及重大项目进展情况的公告
600463,2023/4/29,空港股份:空港股份2023年第一季度报告
600463,2023/4/27,空港股份:空港股份关于召开2022年年度股东大会的提示性公告
20,2023/5/19,深华发A:深华发2022年度股东大会法律意见书
20,2023/5/19,深华发A:深华发2022年度股东大会决议公告
20,2023/5/13,深华发A:关于召开2022年度股东大会的提示性公告
20,2023/4/25,深华发A:深圳中恒华发股份有限公司董事会专门委员会实施细则
20,2023/4/25,深华发A:2022年年度审计报告
20,2023/4/25,深华发A:深华发关联交易管理制度
20,2023/4/25,深华发A:关于购买理财产品的公告
20,2023/4/25,深华发A:内幕信息知情人登记管理制度
20,2023/4/25,深华发A:防止控股股东、实际控制人及其关联方占用公司资金的管理办法
20,2023/4/25,深华发A:内部控制审计报告
2636,2023/6/16,金安国纪:2022年年度权益分派实施公告
2636,2023/6/10,金安国纪:上会会计师事务所（特殊普通合伙）关于对《金安国纪集团股份有限公司2022年年报的问询函》的回复
2636,2023/6/10,金安国纪:关于对深圳证券交易所2022年年报问询函回复的公告
2636,2023/6/10,金安国纪:关于补充披露2022年年度报告相关内容的公告
2636,2023/6/10,金安国纪:2022年年度报告（补充后）
2636,2023/6/8,金安国纪:关于延期回复深圳证券交易所2022年年报问询函的公告
2636,2023/5/31,金安国纪:北京市天元律师事务所关于金安国纪集团股份有限公司2022年度股东大会的法律意见
2636,2023/5/31,金安国纪:2022年年度股东大会决议公告
2636,2023/5/27,金安国纪:关于控股股东的一致行动人减持股份预披露公告
2636,2023/5/24,关于对金安国纪公司的年报问询函
2703,2023/6/14,浙江世宝:股票交易异常波动公告
2703,2023/6/2,浙江世宝:广发证券关于浙江世宝2022年向特定对象发行A股股票之上市保荐书
2703,2023/6/2,浙江世宝:广发证券关于浙江世宝2022年向特定对象发行A股股票之证券发行保荐书
2703,2023/6/2,浙江世宝:浙江世宝2022年向特定对象发行A股股票募集说明书（注册稿）
2703,2023/6/2,浙江世宝:关于向特定对象发行A股股票申请提交募集说明书（注册稿）等文件的提示性公告
2703,2023/5/30,浙江世宝:法律意见书
2703,2023/5/30,浙江世宝:2022年度股东大会决议公告
2703,2023/5/29,浙江世宝:关于申请向特定对象发行A股股票获得深圳证券交易所上市审核中心审核通过的公告
2703,2023/5/24,浙江世宝_募集说明书(申报稿)
2703,2023/5/24,浙江世宝_发行人和保荐机构回复意见（修订稿）
301357,2023/6/26,北方长龙:北方长龙调研活动信息
301357,2023/6/20,北方长龙:关于会计政策变更的公告
301357,2023/6/20,北方长龙:关于使用部分闲置募集资金进行现金管理的进展公告
301357,2023/6/15,北方长龙:公司章程
301357,2023/6/15,北方长龙:关于完成工商变更登记并换发营业执照的公告
301357,2023/6/2,北方长龙:投资者关系活动记录表
301357,2023/6/2,北方长龙:获得政府补助的公告
301357,2023/5/26,北方长龙:关于2022年年度权益分派实施公告
301357,2023/5/18,北方长龙:关于调整公司组织架构的公告
301357,2023/5/18,北方长龙:第二届监事会第一次会议决议公告
4,2023/6/27,ST国华:关于对深圳国华网安科技股份有限公司关注函的回复
4,2023/6/27,ST国华:关于《关于对深圳国华网安科技股份有限公司的关注函》的会计师回复意见
4,2023/6/27,ST国华:第十一届监事会2023年第一次临时会议决议公告
4,2023/6/27,ST国华:安徽天禾律师事务所关于深圳证券交易所《关于对深圳国华网安科技股份有限公司的关注函》之专项核查意见
4,2023/6/27,ST国华:关于撤销其他风险警示暨停牌的公告
4,2023/6/27,ST国华:关于深圳证监局对公司采取责令改正措施决定的整改报告
4,2023/6/27,ST国华:第十一届董事会2023年第三次临时会议决议公告
4,2023/6/22,ST国华:关于延期回复深圳证券交易所关注函的公告
4,2023/6/14,关于对ST国华公司的关注函
4,2023/6/14,ST国华:关于对深圳国华网安科技股份有限公司2022年年报问询函的回复
2976,2023/6/27,瑞玛精密:关于设立子公司事项进展暨完成注册登记的公告
2976,2023/6/15,瑞玛精密:甬兴证券关于公司发行股份及支付现金购买资产并募集配套资金暨关联交易之独立财务顾问报告（修订稿）
2976,2023/6/15,瑞玛精密:甬兴证券关于深圳证券交易所《关于苏州瑞玛精密工业股份有限公司发行股份购买资产并募集配套资金申请的审核中心意见落实函》相关问题之核查意见
2976,2023/6/15,瑞玛精密:发行股份及支付现金购买资产并募集配套资金暨关联交易报告书（草案）（修订稿）
2976,2023/6/15,瑞玛精密:关于深圳证券交易所《关于苏州瑞玛精密工业股份有限公司发行股份购买资产并募集配套资金申请的审核中心意见落实函》之回复
2976,2023/6/15,瑞玛精密:容诚会计师事务所（特殊普通合伙）关于公司发行股份购买资产并募集配套资金申请的审核中心意见落实函的专项核查意见
2976,2023/6/15,瑞玛精密:容诚会计师事务所（特殊普通合伙）关于普拉尼德有限公司报告期内业绩真实性的专项核查报告
2976,2023/6/15,瑞玛精密:上海市锦天城律师事务所补充法律意见书（四）
2976,2023/6/15,瑞玛精密:发行股份及支付现金购买资金并募集配套资金暨关联交易报告书（草案）摘要（修订稿）
2976,2023/6/15,瑞玛精密:甬兴证券关于香港大言及普拉尼德报告期内业绩真实性的专项核查意见
2261,2023/6/12,拓维信息:关于股价异常波动的公告
2261,2023/6/8,拓维信息:关于2022年股票期权与限制性股票激励计划之限制性股票预留授予登记完成的公告
2261,2023/6/8,拓维信息:关于2022年股票期权与限制性股票激励计划之股票期权预留授予登记完成的公告
2261,2023/6/2,拓维信息:2023年6月1日投资者关系活动记录表
2261,2023/5/30,拓维信息:关于股价异常波动的公告
2261,2023/5/30,拓维信息:关于举行2022年度网上业绩说明会的公告
2261,2023/5/26,拓维信息:长征教育资产评估报告
2261,2023/5/26,拓维信息:火溶信息资产评估报告
2261,2023/5/26,拓维信息:联合中和土地房地产资产评估有限公司关于对拓维信息系统股份有限公司2022年年报的问询函的回复
2261,2023/5/26,拓维信息:海云天科技资产评估报告
603215,2023/7/7,比依股份:实际控制人关于《浙江比依电器股份有限公司股票交易异常波动问询函》的回函
603215,2023/7/7,比依股份:浙江比依电器股份有限公司股票交易异常波动公告
603215,2023/6/20,比依股份:关于2023年限制性股票激励计划首次授予登记完成的公告
603215,2023/6/20,比依股份:2023年第二次临时股东大会会议资料
603215,2023/6/17,比依股份:浙江比依电器股份有限公司关于召开2023年第二次临时股东大会的通知
603215,2023/6/17,比依股份:独立董事候选人声明-徐群
603215,2023/6/17,比依股份:独立董事关于第一届董事会第二十四次会议相关事项的独立意见
603215,2023/6/17,比依股份:独立董事候选人声明-朱容稼
603215,2023/6/17,比依股份:独立董事提名人声明-朱容稼
603215,2023/6/17,比依股份:浙江比依电器股份有限公司第一届监事会第十七次会议决议公告
2818,2023/6/21,富森美:第五届董事会第十一次会议决议公告
2818,2023/6/21,富森美:关于对全资子公司向银行申请授信提供担保的公告
2818,2023/6/21,富森美:独立董事关于对全资子公司向银行申请授信提供担保的独立意见
2818,2023/6/21,富森美:关于召开2023年第一次临时股东大会的通知
2818,2023/6/21,富森美:第五届监事会第十次会议决议公告
2818,2023/5/12,富森美:关于共青城储兴创业投资合伙企业投资项目退出的公告
2818,2023/5/8,富森美:2022年年度权益分派实施公告
2818,2023/4/28,富森美:监事会决议公告
2818,2023/4/28,富森美:2023年一季度报告
2818,2023/4/28,富森美:董事会决议公告
1309,2023/7/1,德明利:前次募集资金使用情况审核报告
1309,2023/6/17,德明利:第二届董事会第二次会议决议公告
1309,2023/6/17,德明利:独立董事关于第二届董事会第二次会议相关事项的独立意见
1309,2023/6/17,德明利:第二届监事会第二次会议决议公告
1309,2023/6/17,德明利:独立董事关于第二届董事会第二次会议相关事项的事前认可意见
1309,2023/6/14,德明利:关于2023年限制性股票激励计划内幕信息知情人及激励对象买卖公司股票情况的自查报告
1309,2023/6/9,德明利:广东信达律师事务所关于深圳市德明利技术股份有限公司2022年年度股东大会法律意见书
1309,2023/6/9,德明利:2022年度股东大会决议公告
1309,2023/6/9,德明利:关于董事会、监事会完成换届选举及延期聘任高级管理人员和证券事务代表的公告
1309,2023/6/9,德明利:第二届监事会第一次会议决议公告
600707,2023/6/27,彩虹股份:彩虹股份关于持股5%以上股东股份解除质押的公告
600707,2023/6/27,彩虹股份:彩虹股份关于为控股子公司提供担保的进展公告
600707,2023/6/21,彩虹股份:大信会计师事务所（特殊普通合伙）关于彩虹股份2022年年度报告的信息披露监管工作函的回复
600707,2023/6/21,彩虹股份:彩虹股份关于上海证券交易所对公司2022年年度报告的信息披露监管工作函的回复公告
600707,2023/6/21,彩虹股份:彩虹股份独立董事关于2022年年度报告信息披露监管工作函回复的独立意见
600707,2023/6/16,彩虹股份:彩虹股份2022年年度股东大会决议公告
600707,2023/6/16,彩虹股份:北京市嘉源律师事务所关于彩虹显示器件股份有限公司2022年度股东大会的法律意见书
600707,2023/6/14,彩虹股份:彩虹股份关于收到上海证券交易所2022年年度报告的信息披露监管工作函的公告
600707,2023/6/8,彩虹股份:彩虹股份第三十一次（2022年度）股东大会会议资料
600707,2023/5/31,彩虹股份:彩虹股份关于控股股东股份解除质押及质押的公告
2428,2023/6/21,云南锗业:关于接受关联方财务资助暨关联交易的公告
2428,2023/6/21,云南锗业:第八届监事会第五次会议决议公告
2428,2023/6/21,云南锗业:独立董事关于接受关联方财务资助暨关联交易事项的事前认可意见
2428,2023/6/21,云南锗业:第八届董事会第五次会议决议公告
2428,2023/6/21,云南锗业:独立董事关于接受关联方财务资助暨关联交易事项的独立意见
2428,2023/6/15,云南锗业:2023年6月14日投资者关系活动记录表
2428,2023/5/31,云南锗业:关于控股子公司涉及诉讼的公告
2428,2023/5/19,云南锗业:第八届监事会第四次会议决议公告
2428,2023/5/19,云南锗业:关于公司及实际控制人继续为子公司提供担保暨关联交易的公告
2428,2023/5/19,云南锗业:独立董事关于公司及实际控制人继续为子公司提供担保暨关联交易事项的独立意见
2892,2023/6/26,科力尔:关于公司股票交易异常波动的公告
2892,2023/6/22,科力尔:关于公司监事减持股份预披露的公告
2892,2023/6/21,科力尔:关于持股5%以上股东大宗交易减持及其一致行动人参与转融通证券出借业务合计股份变动超过1%的公告
2892,2023/6/21,科力尔:关于2021年员工持股计划第二个锁定期届满的提示性公告
2892,2023/6/13,科力尔:关于公司监事股份减持计划实施完成的公告
2892,2023/6/9,科力尔:关于完成工商变更并换发营业执照的公告
2892,2023/6/8,科力尔:关于持股5%以上股东及其一致行动人股份变动超过1%的公告
2892,2023/5/31,科力尔:2022年年度权益分派实施公告
2892,2023/5/25,科力尔:关于持股5%以上股东、董事股份减持计划期限届满的公告
2892,2023/5/20,科力尔:国浩律师（深圳）事务所关于科力尔电机集团股份有限公司2022年年度股东大会的法律意见书
603110,2023/6/14,东方材料:新东方新材料股份有限公司关于召开2022年年度业绩说明会的公告
603110,2023/6/13,东方材料:新东方新材料股份有限公司关于持股5%以上股东减持股份进展公告
603110,2023/6/9,东方材料:新东方新材料股份有限公司关于使用部分闲置募集资金进行现金管理的公告
603110,2023/6/8,东方材料:控股股东、实际控制人股票异常波动回函
603110,2023/6/8,东方材料:新东方新材料股份有限公司关于股票交易异常波动的公告
603110,2023/6/6,东方材料:新东方新材料股份有限公司2022年度权益分派实施公告
603110,2023/6/6,东方材料:新东方新材料股份有限公司关于股东减持股份进展公告
603110,2023/5/27,东方材料:新东方新材料股份有限公司关于使用部分闲置募集资金进行现金管理到期赎回的公告
603110,2023/5/19,东方材料:新东方新材料股份有限公司2022年年度股东大会决议公告
603110,2023/5/19,东方材料:2022年年度股东大会法律意见书
1380,2023/6/17,华纬科技:关于子公司开立募集资金专户并签订四方监管协议的公告
1380,2023/6/16,华纬科技:2023年6月15日投资者关系活动记录表
1380,2023/6/10,华纬科技:北京中伦（杭州）律师事务所关于华纬科技股份有限公司2023年第三次临时股东大会的法律意见书
1380,2023/6/10,华纬科技:2023年第三次临时股东大会决议公告
1380,2023/6/8,华纬科技:平安证券股份有限公司关于华纬科技股份有限公司使用募集资金向全资子公司提供借款实施募投项目的核查意见
1380,2023/6/8,华纬科技:总经理工作细则
1380,2023/6/8,华纬科技:关于通过开立募集资金保证金账户开具银行承兑汇票支付募投项目款项的公告
1380,2023/6/8,华纬科技:内幕信息知情人登记管理制度
1380,2023/6/8,华纬科技:对外提供财务资助管理制度
1380,2023/6/8,华纬科技:董事会提名委员会实施细则
603045,2023/6/28,福达合金:2022年年度权益分派实施公告
603045,2023/6/8,福达合金:为全资子公司提供担保的公告
603045,2023/6/7,福达合金:股东集中竞价减持股份进展公告
603045,2023/5/24,福达合金:关于注销回购股份的实施公告
603045,2023/5/20,福达合金:2022年年度股东大会决议公告
603045,2023/5/20,福达合金:北京德恒律师事务所关于福达合金材料股份有限公司2022年年度股东大会的法律意见
603045,2023/5/12,福达合金:关于2022年度业绩暨现金分红说明会召开情况的公告
603045,2023/5/11,福达合金:2022年年度股东大会会议资料
603045,2023/5/11,福达合金:关于控股股东部分股份解除质押的公告
603045,2023/5/10,福达合金:第七届监事会第三次会议决议公告
2134,2023/6/27,天津普林:关于筹划重大资产重组的进展公告
2134,2023/6/21,天津普林:关于延期回复深圳证券交易所并购重组问询函的公告
2134,2023/6/14,天津普林:关于公司向银行申请综合授信额度的公告
2134,2023/6/14,天津普林:独立董事关于第六届董事会第二十四次会议相关事项的独立意见
2134,2023/6/14,天津普林:独立董事关于第六届董事会第二十四次会议相关事项的事前认可意见
2134,2023/6/14,天津普林:关于开展外汇衍生品交易的可行性分析报告
2134,2023/6/14,天津普林:关于聘任高级管理人员的公告
2134,2023/6/14,天津普林:第六届监事会第十八次会议决议公告
2134,2023/6/14,天津普林:关于召开2023年第一次临时股东大会的通知
2134,2023/6/14,天津普林:第六届董事会第二十四次会议决议公告
603048,2023/6/6,浙江黎明:关于使用部分闲置募集资金进行现金管理的进展公告
603048,2023/6/6,浙江黎明:权益分派实施公告
603048,2023/5/23,浙江黎明:关于使用部分闲置募集资金进行现金管理的进展公告
603048,2023/5/17,浙江黎明:2022年年度股东大会决议公告
603048,2023/5/17,浙江黎明:国浩律师（杭州）事务所关于浙江黎明智造股份有限公司2022年年度股东大会法律意见书
603048,2023/5/10,浙江黎明:2022年年度股东大会会议资料
603048,2023/5/10,浙江黎明:关于参加浙江辖区上市公司2023年投资者网上集体接待日活动暨召开公司2022年度业绩说明会的公告
603048,2023/4/29,浙江黎明:关于会计政策变更的公告
603048,2023/4/29,浙江黎明:2023年一季度报告
603048,2023/4/26,浙江黎明:天健审〔2023〕4668号-审计报告
603667,2023/7/4,五洲新春:五洲新春2023年第一次临时股东大会决议公告
603667,2023/6/21,五洲新春:五洲新春2023年第一次临时股东大会会议资料
603667,2023/6/20,五洲新春:五洲新春股票交易异常波动公告
603667,2023/6/20,五洲新春:五洲新春控股股东、实际控制人关于公司股票交易异常波动问询函的回复
603667,2023/6/15,五洲新春:五洲新春2022年年度权益分派实施公告
603667,2023/6/14,五洲新春:五洲新春关于补选独立董事的公告
603667,2023/6/14,五洲新春:独立董事候选人申明（李大开）
603667,2023/6/14,五洲新春:五洲新春关于延长非公开发行股票股东大会决议有效期及授权有效期的公告
603667,2023/6/14,五洲新春:五洲新春第四届董事会第十七次会议决议公告
603667,2023/6/14,五洲新春:五洲新春独立董事关于第四届董事会第十七次会议相关事项的独立意见
2403,2023/6/3,爱仕达:关于公司副总经理辞职的公告
2403,2023/6/1,爱仕达:关于公司控股股东股票解除质押的公告
2403,2023/5/20,爱仕达:2022年年度股东大会决议公告
2403,2023/5/20,爱仕达:上海市锦天城律师事务所关于爱仕达股份有限公司2022年年度股东大会的法律意见书
2403,2023/5/13,爱仕达:关于公司实际控制人股票质押的公告
2403,2023/5/12,爱仕达:2023年5月12日投资者关系活动记录表
2403,2023/5/9,爱仕达:关于参加浙江辖区上市公司2023年投资者网上集体接待日活动暨2022年度网上业绩说明会的公告
2403,2023/4/29,爱仕达:爱仕达股份有限公司董事、监事和高级管理人员薪酬管理制度
2403,2023/4/29,爱仕达:【白云霞】独立董事2022年度述职报告
2403,2023/4/29,爱仕达:关于终止部分募集资金投资项目并将剩余及结余募集资金永久补充流动资金的公告
600719,2023/7/5,大连热电:大连热电股份有限公司董事会关于本次交易相关主体不存在依据《上市公司监管指引第7号―上市公司重大资产重组相关股票异常交易监管》第十二条的说明
600719,2023/7/5,大连热电:西南证券股份有限公司关于大连热电董事会关于股票价格波动是否达到《上海证券交易所上市公司自律监管指引第6号――重大资产重组》相关标准的核查意见
600719,2023/6/21,大连热电:大连热电股份有限公司关于筹划重大资产重组停牌公告
600719,2023/6/6,大连热电:大连热电股份有限公司关于2022年度暨2023年第一季度业绩说明会召开情况的公告
600719,2023/6/1,大连热电:大连热电股份有限公司2022年年度股东大会决议公告
600719,2023/6/1,大连热电:北京英舜（大连）律师事务所关于大连热电股份有限公司二零二二年年度股东大会的法律意见书
600719,2023/5/26,大连热电:大连洁净能源集团有限公司关于《大连热电股份有限公司股票交易异常波动问询函》的复函
600719,2023/5/26,大连热电:大连热电股份有限公司股票交易异常波动公告
600719,2023/5/25,关于对大连热电股份有限公司及有关责任人予以监管警示的决定
600719,2023/5/25,大连热电:大连热电股份有限公司关于召开2022年度暨2023年第一季度业绩说明会的公告
688629,2023/6/26,华丰科技:华丰科技公司章程
688629,2023/6/26,华丰科技:华丰科技首次公开发行股票科创板上市公告书
688629,2023/6/26,华丰科技:华丰科技首次公开发行股票科创板上市公告书提示性公告
688629,2023/6/26,关于四川华丰科技股份有限公司人民币普通股股票科创板上市交易的公告
688629,2023/6/20,华丰科技:华丰科技首次公开发行股票并在科创板上市招股说明书
688629,2023/6/20,华丰科技:华丰科技首次公开发行股票并在科创板上市招股说明书提示性公告
688629,2023/6/20,华丰科技:华丰科技首次公开发行股票并在科创板上市发行结果公告
688629,2023/6/16,华丰科技:华丰科技首次公开发行股票并在科创板上市网下初步配售结果及网上中签结果公告
688629,2023/6/15,华丰科技:华丰科技首次公开发行股票并在科创板上市网上发行申购情况及中签率公告
688629,2023/6/13,华丰科技:华丰科技首次公开发行股票并在科创板上市发行公告
300128,2023/6/10,锦富技术:关于持股5%以上股东部分股份质押的公告
300128,2023/6/9,锦富技术:独立董事提名人声明（二）
300128,2023/6/9,锦富技术:独立董事候选人声明（于元良）
300128,2023/6/9,锦富技术:关于为全资子公司提供担保的公告
300128,2023/6/9,锦富技术:独立董事提名人声明（一）
300128,2023/6/9,锦富技术:关于选举第六届监事会职工代表监事的公告
300128,2023/6/9,锦富技术:独立董事关于第五届董事会第二十八次会议相关事项的独立意见
300128,2023/6/9,锦富技术:独立董事候选人声明（吴雪峰）
300128,2023/6/9,锦富技术:第五届监事会第二十二次（临时）会议决议公告
300128,2023/6/9,锦富技术:2022年度股东大会通知
961,2023/7/6,关于对中南建设公司的年报问询函
961,2023/7/3,中南建设:江苏中南建设集团股份有限公司2021年面向合格投资者公开发行公司债券(第一期)(品种一)受托管理事务报告（2022年度)
961,2023/7/3,中南建设:江苏中南建设集团股份有限公司2019年面向合格投资者公开发行公司债券(第一期)受托管理事务报告（2022年度）
961,2023/7/3,中南建设:江苏中南建设集团股份有限公司2020年面向合格投资者公开发行公司债券(第一期)(疫情防控债)(品种二)受托管理事务报告（2022年度）
961,2023/6/30,中南建设:北京市君合律师事务所关于江苏中南建设集团股份有限公司向特定对象发行A股股票之补充法律意见书（四）
961,2023/6/27,中南建设:2022年度股东大会提示性公告
961,2023/6/26,中南建设:关于2018年、2019年股票期权激励计划未行权期权注销完成的公告
961,2023/6/26,中南建设:江苏中南建设集团股份有限公司2023年跟踪评级报告
961,2023/6/26,中南建设:江苏中南建设集团股份有限公司主体与相关债项2023年度跟踪评级报告
961,2023/6/26,中南建设:江苏中南建设集团股份有限公司主体及相关债项2023年度跟踪评级报告
688620,2023/6/26,安凯微:安凯微首次公开发行股票科创板上市公告书
688620,2023/6/26,安凯微:安凯微公司章程
688620,2023/6/26,安凯微:安凯微首次公开发行股票科创板上市公告书提示性公告
688620,2023/6/26,关于广州安凯微电子股份有限公司人民币普通股股票科创板上市交易的公告
688620,2023/6/19,安凯微:安凯微首次公开发行股票并在科创板上市招股说明书提示性公告
688620,2023/6/19,安凯微:安凯微首次公开发行股票并在科创板上市招股说明书
688620,2023/6/19,安凯微:安凯微首次公开发行股票并在科创板上市发行结果公告
688620,2023/6/15,安凯微:安凯微首次公开发行股票并在科创板上市网下初步配售结果及网上中签结果公告
688620,2023/6/14,安凯微:安凯微首次公开发行股票并在科创板上市网上发行申购情况及中签率公告
688620,2023/6/12,安凯微:安凯微首次公开发行股票并在科创板上市发行公告
838,2023/6/22,财信发展:关于控股股东股份被轮候冻结的公告
838,2023/6/15,财信发展:关于控股股东股份被轮候冻结的公告
838,2023/5/23,财信发展:关于控股股东减持计划到期的公告
838,2023/5/19,财信发展:关于股东减持计划实施进展暨减持数量过半的公告
838,2023/5/18,财信发展:关于股东减持计划实施进展暨减持数量过半的公告
838,2023/5/18,财信发展:关于控股股东股份被轮候冻结的公告
838,2023/5/18,财信发展:关于控股股东股份被司法冻结进展的公告
838,2023/5/16,财信发展:北京市中伦（深圳）律师事务所关于财信地产发展集团股份有限公司召开公司2022年度股东大会的法律意见书
838,2023/5/16,财信发展:关于累计诉讼、仲裁案件情况的公告
838,2023/5/16,财信发展:2022年度股东大会决议公告
301163,2023/6/10,宏德股份:独立董事关于第三届董事会第一次会议相关事项的独立意见
301163,2023/6/10,宏德股份:第三届监事会第一次会议决议公告
301163,2023/6/10,宏德股份:关于指定董事代行董事会秘书职责的公告
301163,2023/6/10,宏德股份:北京华联（郑州）律师事务所关于江苏宏德特种部件股份有限公司2023年第三次临时股东大会的法律意见书
301163,2023/6/10,宏德股份:第三届董事会第一次会议决议公告
301163,2023/6/10,宏德股份:关于董事会、监事会完成换届选举及聘任高级管理人员、证券事务代表的公告
301163,2023/6/10,宏德股份:2023年第三次临时股东大会决议公告
301163,2023/5/24,宏德股份:第二届监事会第十九次会议决议公告
301163,2023/5/24,宏德股份:关于董事会换届选举的公告
301163,2023/5/24,宏德股份:关于公司部分高级管理人员减持股份预披露公告
300283,2023/7/3,温州宏丰:2023年第二季度可转换公司债券转股情况的公告
300283,2023/6/17,温州宏丰:2022年度权益分派实施公告
300283,2023/6/17,温州宏丰:关于2022年度权益分派调整可转债转股价格的公告
300283,2023/6/9,温州宏丰:2022年温州宏丰电工合金股份有限公司向不特定对象发行可转换公司债券2023年跟踪评级报告
300283,2023/6/2,温州宏丰:关于控股孙公司股权转让完成的公告
300283,2023/6/2,温州宏丰:关于子公司增资完成工商变更并取得营业执照的公告
300283,2023/5/29,温州宏丰:关于控股股东部分股份提前解除质押及再质押的公告
300283,2023/5/24,温州宏丰:关于控股股东部分股份质押的公告
300283,2023/5/15,温州宏丰:关于变更部分募集资金用途后重新签订募集资金四方监管协议的公告
300283,2023/5/9,温州宏丰:中德证券有限责任公司关于温州宏丰电工合金股份有限公司向不特定对象发行可转换公司债券受托管理事务报告（2022年度）
605005,2023/7/4,合兴股份:国浩律师（上海）事务所关于合兴汽车电子股份有限公司终止实施2022年限制性股票激励计划暨回购注销实施情况之法律意见书
605005,2023/7/4,合兴股份:合兴汽车电子股份有限公司关于股权激励限制性股票回购注销实施公告
605005,2023/6/16,合兴股份:合兴汽车电子股份有限公司关于股权激励限制性股票回购注销实施公告
605005,2023/6/16,合兴股份:国浩律师（上海）事务所关于合兴汽车电子股份有限公司2022年限制性股票激励计划回购注销部分限制性股票实施情况之法律意见书
605005,2023/6/13,合兴股份:合兴汽车电子股份有限公司关于向不特定对象发行可转债申请文件的审核问询函回复的提示性公告
605005,2023/6/13,合兴股份:国浩律师（上海）事务所关于合兴汽车电子股份有限公司向不特定对象发行可转换公司债券之补充法律意见书（一）
605005,2023/6/13,合兴股份:上会会计师事务所（特殊普通合伙）关于合兴汽车电子股份有限公司向不特定对象发行可转换公司债券申请文件审核问询函的回复（豁免版）
605005,2023/6/13,合兴股份:国泰君安证券股份有限公司关于合兴汽车电子股份有限公司向不特定对象发行可转换公司债券申请文件审核问询函的回复（豁免版）
605005,2023/6/13,合兴股份:合兴汽车电子股份有限公司向不特定对象发行可转换公司债券募集说明书（申报稿）
605005,2023/5/24,合兴股份:合兴汽车电子股份有限公司2022年年度权益分派实施公告
688478,2023/7/5,晶升股份:南京晶升装备股份有限公司章程
688478,2023/7/5,晶升股份:南京晶升装备股份有限公司信息披露暂缓与豁免业务管理制度
688478,2023/7/5,晶升股份:南京晶升装备股份有限公司内幕信息知情人登记管理制度
688478,2023/7/5,晶升股份:南京晶升装备股份有限公司关于变更公司经营范围、修订公司章程并办理工商变更登记的公告
688478,2023/7/5,晶升股份:南京晶升装备股份有限公司投资管理制度
688478,2023/7/5,晶升股份:南京晶升装备股份有限公司关于召开2023年第一次临时股东大会的通知
688478,2023/7/5,晶升股份:华泰联合证券有限责任公司关于南京晶升装备股份有限公司使用部分超募资金永久补充流动资金的核查意见
688478,2023/7/5,晶升股份:南京晶升装备股份有限公司重大交易决策制度
688478,2023/7/5,晶升股份:南京晶升装备股份有限公司第一届监事会第十五次会议决议公告
688478,2023/7/5,晶升股份:南京晶升装备股份有限公司累积投票制实施细则
301068,2023/6/26,大地海洋:关于继续推进公司重大资产重组的公告
301068,2023/6/26,大地海洋:第二届董事会第十八次会议决议公告
301068,2023/6/26,大地海洋:独立董事关于公司第二届董事会第十八次会议相关事项的事前认可意见
301068,2023/6/26,大地海洋:独立董事关于公司第二届董事会第十八次会议相关事项的独立意见
301068,2023/6/16,大地海洋:关于公司发行股份购买资产并募集配套资金事项未通过深圳证券交易所并购重组审核委员会审核的公告
301068,2023/6/8,大地海洋:杭州大地海洋环保股份有限公司关于深圳证券交易所并购重组委员会审核公司发行股份购买资产并募集配套资金事项会议安排的公告
301068,2023/6/8,大地海洋_重大资产重组报告书(上会稿)
301068,2023/6/8,大地海洋_独立财务顾问报告(上会稿)
301068,2023/6/8,大地海洋_本次重大资产重组涉及的拟购买资产最近两年及一期的财务报告和审计报告（确实无法提供的，应当说明原因及相关资产的财务状况和经营成果）(上会稿)
301068,2023/6/8,大地海洋_本次重大资产重组涉及的拟购买资产的评估报告及评估说明，或者估值报告(上会稿)
301282,2023/7/1,金禄电子:关于使用暂时闲置募集资金进行现金管理的进展公告（八）
301282,2023/6/15,金禄电子:2023年6月15日投资者关系活动记录表
301282,2023/6/8,金禄电子:关于全资子公司为公司提供担保的公告
301282,2023/6/8,金禄电子:关于为全资子公司提供担保的进展公告
301282,2023/6/6,金禄电子:第二届董事会第七次会议决议公告
301282,2023/6/6,金禄电子:独立董事关于第二届董事会第七次会议相关事项的独立意见
301282,2023/6/6,金禄电子:关于调整2023年限制性股票激励计划授予价格的公告
301282,2023/6/6,金禄电子:关于为全资子公司提供担保的公告
301282,2023/6/6,金禄电子:国金证券股份有限公司关于公司为全资子公司提供担保的核查意见
301282,2023/6/6,金禄电子:北京市中伦（广州）律师事务所关于公司2023年限制性股票激励计划授予价格调整事项的法律意见书
301359,2023/6/16,东南电子:2023年第一次临时股东大会决议公告
301359,2023/6/16,东南电子:北京金杜（杭州）律师事务所关于东南电子股份有限公司2023年第一次临时股东大会之法律意见书
301359,2023/6/13,东南电子:关于注销募集资金专户的公告
301359,2023/6/7,东南电子:2023年06月06日投资者交流活动记录表
301359,2023/6/1,东南电子:第三届董事会第八次会议决议公告
301359,2023/6/1,东南电子:独立董事提名人声明（赵元元)
301359,2023/6/1,东南电子:独立董事候选人声明（赵元元）
301359,2023/6/1,东南电子:关于召开2023年第一次临时股东大会的通知
301359,2023/6/1,东南电子:独立董事关于第三届董事会第八次会议相关事项的独立意见
301359,2023/6/1,东南电子:关于选举公司独立董事的公告
300620,2023/6/26,光库科技:简式权益变动书
300620,2023/6/26,光库科技:关于股东减持股份实施情况的公告
300620,2023/6/19,光库科技:股票交易异常波动公告
300620,2023/6/9,光库科技:关于召开2023年第一次临时股东大会的通知
300620,2023/6/9,光库科技:关于2020年限制性股票激励计划第三个解除限售期解除限售股份上市流通的提示性公告
300620,2023/6/8,光库科技:2023年度以简易程序向特定对象发行股票募集资金使用可行性分析报告
300620,2023/6/8,光库科技:关于2023年度以简易程序向特定对象发行股票摊薄即期回报及采取填补措施和相关主体承诺的公告
300620,2023/6/8,光库科技:公司前次募集资金使用情况鉴证报告
300620,2023/6/8,光库科技:信息披露管理制度（2023年6月）
300620,2023/6/8,光库科技:关于2023年度以简易程序向特定对象发行股票预案披露的提示性公告
2527,2023/6/27,新时达:关于2023年股票期权激励计划股票期权授予登记完成的公告
2527,2023/6/26,新时达:关于股票交易异常波动的公告
2527,2023/6/22,新时达:关于获得发明专利证书公告
2527,2023/6/19,关于对新时达的监管函
2527,2023/6/19,新时达:关于股票交易异常波动的公告
2527,2023/6/17,新时达:独立董事关于第六届董事会第一次会议相关事项的独立意见
2527,2023/6/17,新时达:第六届董事会第一次会议决议公告
2527,2023/6/17,新时达:第六届监事会第一次会议决议公告
2527,2023/6/17,新时达:关于职工代表大会选举第六届监事会职工代表监事的公告
2527,2023/6/17,新时达:上海市锦天城律师事务所关于上海新时达电气股份有限公司2023年第一次临时股东大会之法律意见书
300460,2023/6/15,惠伦晶体:关于对深圳证券交易所2022年年报问询函回复的公告
300460,2023/6/15,惠伦晶体:大华会计师事务所(特殊普通合伙)关于深圳证券交易所《对广东惠伦晶体科技股份有限公司的年报问询函》的回复
300460,2023/6/8,惠伦晶体:关于延期回复深圳证券交易所年报问询函的公告
300460,2023/6/1,关于惠伦晶体的年报问询函
300460,2023/5/16,惠伦晶体:2022年度股东大会决议公告
300460,2023/5/16,惠伦晶体:北京市天元（广州）律师事务所关于广东惠伦晶体科技股份有限公司2022年度股东大会之法律意见
300460,2023/5/15,惠伦晶体:关于公司高级管理人员辞职的公告
300460,2023/5/8,惠伦晶体:惠伦晶体业绩说明会、路演活动等
300460,2023/5/4,惠伦晶体:关于终止筹划公司控制权变更事项暨复牌的公告
300460,2023/4/26,惠伦晶体:关于控制权变更事项进展暨继续停牌的公告
988,2023/6/15,华工科技:2023年6月14日投资者关系活动记录表
988,2023/5/17,华工科技:2023年5月16日投资者关系活动记录表
988,2023/5/9,华工科技:2022年年度权益分派实施公告
988,2023/4/25,华工科技:关于公司股票异常波动的公告
988,2023/4/20,华工科技:2023年4月18日投资者关系活动记录表
988,2023/4/17,华工科技:监事会关于2023年第一季度报告的审核意见
988,2023/4/17,华工科技:2023年第一季度报告
988,2023/4/17,华工科技:第八届董事会第二十四次会议决议公告
988,2023/4/17,华工科技:董事、监事、高级管理人员关于2023年第一季度报告的书面确认意见
988,2023/4/17,华工科技:第八届监事会第十五次会议决议公告
301328,2023/6/26,维峰电子:独立董事关于第二届董事会第四次会议相关事项的独立意见
301328,2023/6/26,维峰电子:关于公司证券事务代表辞职的公告
301328,2023/6/26,维峰电子:关于变更公司高级管理人员的公告
301328,2023/6/26,维峰电子:第二届董事会第四次会议决议的公告
301328,2023/5/22,维峰电子:关于向全资子公司增资的进展公告
301328,2023/5/19,维峰电子:2022年年度权益分派实施公告
301328,2023/5/4,维峰电子:广东华商律师事务所关于维峰电子（广东）股份有限公司2022年年度股东大会的法律意见书
301328,2023/5/4,维峰电子:2022年年度股东大会决议的公告
301328,2023/5/4,维峰电子:维峰电子投资者关系活动记录表（2023年4月25日-4月28日）
301328,2023/4/25,维峰电子:2023年一季度报告
688123,2023/6/9,聚辰股份:聚辰股份2022年年度权益分派实施公告
688123,2023/5/26,聚辰股份:聚辰股份2022年年度股东大会决议公告
688123,2023/5/26,聚辰股份:聚辰股份2022年年度股东大会法律意见书
688123,2023/5/23,聚辰股份:聚辰股份股东集中竞价减持股份进展公告
688123,2023/5/23,聚辰股份:聚辰股份关于2021年限制性股票激励计划预留授予部分第一个归属期及2022年限制性股票激励计划首次授予部分第一个归属期归属结果暨股份上市的公告
688123,2023/5/23,聚辰股份:聚辰股份关于持股5%以上股东权益变动比例达到1%的提示性公告
688123,2023/5/6,聚辰股份:中国国际金融股份有限公司关于聚辰半导体股份有限公司首次公开发行部分募投项目结项并将节余募集资金永久补充流动资金的核查意见
688123,2023/4/29,聚辰股份:聚辰股份2022年年度股东大会会议资料
688123,2023/4/29,聚辰股份:聚辰股份第二届监事会第十六次会议决议公告
688123,2023/4/29,聚辰股份:聚辰股份独立董事关于第二届董事会第十七次会议相关事项的独立意见
300928,2023/6/21,华安鑫创:关于完成注册地址变更并换发营业执照的公告
300928,2023/6/14,华安鑫创:简式权益变动报告书
300928,2023/6/14,华安鑫创:关于持股5%以上股东股份减持计划完成暨下期减持计划的预披露公告
300928,2023/6/14,华安鑫创:关于持股5%以上股东权益变动的提示性公告
300928,2023/6/14,华安鑫创:关于股东股份减持计划数量过半的进展公告
300928,2023/5/30,华安鑫创:2022年年度权益分派实施公告
300928,2023/5/18,华安鑫创:关于股东股份减持计划时间过半的进展公告
300928,2023/5/17,华安鑫创:2022年年度股东大会决议公告
300928,2023/5/17,华安鑫创:北京植德律师事务所关于华安鑫创控股（北京）股份有限公司2022年年度股东大会的法律意见书
300928,2023/5/12,华安鑫创:2023年5月12日投资者关系活动记录表
2036,2023/7/5,联创电子:关于联创转债恢复转股的公告
2036,2023/7/5,联创电子:关于联创转债转股价格调整的公告
2036,2023/7/4,联创电子:2023年第二季度可转换公司债券转股情况公告
2036,2023/7/3,联创电子:关于联创转债暂停转股的提示性公告
2036,2023/6/30,联创电子:关于联创转债转股价格调整的公告
2036,2023/6/26,联创电子:联创电子科技股份有限公司主体及联创转债2023年度跟踪评级报告
2036,2023/6/26,联创电子:关于可转换公司债券2023年跟踪评级结果的公告
2036,2023/6/22,联创电子:关于第二期员工持股计划锁定期届满的提示性公告
2036,2023/6/2,联创电子:关于回购股份的进展公告
2036,2023/5/26,联创电子:关于2022年第二期股票期权与限制性股票激励计划首次授予部分股票期权注销完成的公告
2229,2023/6/27,鸿博股份:关于延期回复深圳证券交易所关注函的公告
2229,2023/6/21,鸿博股份:独立董事关于2022年年报问询函的核查意见
2229,2023/6/21,鸿博股份:关于2022年年报问询函的回复公告
2229,2023/6/21,鸿博股份:上会会计师事务所(特殊普通合伙)关于对鸿博股份有限公司的年报问询函的回复
2229,2023/6/20,关于对鸿博股份公司的关注函
2229,2023/6/19,鸿博股份:独立董事关于第六届董事会第十五次会议相关事项的独立意见
2229,2023/6/19,鸿博股份:独立董事公开征集表决权的公告
2229,2023/6/19,鸿博股份:关于公司为全资子公司提供担保的公告
2229,2023/6/19,鸿博股份:关于召开2023年第一次临时股东大会的通知
2229,2023/6/19,鸿博股份:第六届董事会第十五次会议决议公告
600601,2023/6/15,方正科技:方正科技外汇套期保值业务管理制度（2023年6月修订）
600601,2023/6/15,方正科技:方正科技第十三届董事会2023年第三次会议决议公告
600601,2023/6/15,方正科技:方正科技关于全资子公司开展商品期货套期保值业务的公告
600601,2023/6/15,方正科技:方正科技关于投资建设珠海方正PCB高端智能化产业基地HDI项目的公告
600601,2023/6/15,方正科技:方正科技商品期货套期保值业务管理制度（2023年6月制定）
600601,2023/6/15,方正科技:方正科技关于全资子公司开展外汇套期保值业务的公告
600601,2023/6/15,方正科技:方正科技第十三届董事会2023年第三次会议独立董事对相关事项的独立意见
600601,2023/6/13,*ST方科:方正科技集团股份有限公司关于公司股票撤销退市风险警示及其他风险警示暨临时停牌的公告
600601,2023/6/6,*ST方科:方正科技集团股份有限公司关于召开2022年度暨2023年第一季度业绩说明会的公告
600601,2023/5/30,*ST方科:天职国际会计师事务所（特殊普通合伙）关于方正科技集团股份有限公司2022年年度报告的信息披露监管问询函的回复
2567,2023/6/27,唐人神:关于召开2023年第一次临时股东大会的通知
2567,2023/6/27,唐人神:第九届董事会第十三次会议决议公告
2567,2023/6/27,唐人神:关于以简易程序向特定对象发行股票摊薄即期回报的风险提示及填补回报措施和相关主体承诺的公告
2567,2023/6/27,唐人神:本次以简易程序向特定对象发行股票不存在直接或通过利益相关方向参与认购的投资者提供财务资助或补偿的公告
2567,2023/6/27,唐人神:关于最近五年被证券监管部门和交易所处罚或采取监管措施情况的公告
2567,2023/6/27,唐人神:关于2023年度以简易程序向特定对象发行股票预案的提示性公告
2567,2023/6/27,唐人神:关于调整担保相关内容的公告
2567,2023/6/27,唐人神:独立董事关于公司第九届董事会第十三次会议相关事项的独立意见
2567,2023/6/27,唐人神:2023年度以简易程序向特定对象发行股票方案的论证分析报告
2567,2023/6/27,唐人神:前次募集资金使用情况报告
301045,2023/6/26,天禄科技:江苏世纪同仁律师事务所关于苏州天禄光科技股份有限公司2023年度向特定对象发行股票的补充法律意见书（一）
301045,2023/6/26,天禄科技:大华会计师事务所(特殊普通合伙)关于苏州天禄光科技股份有限公司申请向特定对象发行股票的审核问询函的回复
301045,2023/6/26,天禄科技:发行人和保荐机构关于苏州天禄光科技股份有限公司申请向特定对象发行股票的审核问询函的回复报告
301045,2023/6/26,天禄科技:中泰证券股份有限公司关于苏州天禄光科技股份有限公司向特定对象发行股票之上市保荐书
301045,2023/6/26,天禄科技:关于公司申请向特定对象发行股票的审核问询函回复及募集说明书等文件更新的提示性公告
301045,2023/6/26,天禄科技:中泰证券股份有限公司关于苏州天禄光科技股份有限公司向特定对象发行股票之发行保荐书
301045,2023/6/26,天禄科技:关于控股股东、实际控制人部分股份质押及解除质押的公告
301045,2023/6/26,天禄科技:苏州天禄光科技股份有限公司向特定对象发行股票募集说明书
301045,2023/6/20,天禄科技:前次募集资金使用情况鉴证报告
301045,2023/6/20,天禄科技:第三届监事会第十次会议决议公告
600230,2023/6/27,沧州大化:关于沧州大化股份有限公司回购注销2020年限制性股票激励计划部分限制性股票实施情况的法律意见书
600230,2023/6/27,沧州大化:沧州大化股份有限公司股权激励限制性股票回购注销实施公告
600230,2023/6/9,沧州大化:北京市嘉源律师事务所关于沧州大化2022年年度股东大会的法律意见书
600230,2023/6/9,沧州大化:沧州大化股份有限公司2022年年度股东大会决议公告
600230,2023/6/2,沧州大化:沧州大化股份有限公司2022年年度股东大会会议资料
600230,2023/5/26,沧州大化:沧州大化股份有限公司关于参加河北辖区上市公司2023年投资者网上集体接待日活动的公告
600230,2023/5/6,沧州大化:沧州大化股份有限公司关于参加中国中化控股有限责任公司下属上市公司2022年度暨2023年第一季度集体业绩说明会的公告
600230,2023/4/29,沧州大化:沧州大化股份有限公司2023年第一季度主要经营数据公告
600230,2023/4/29,沧州大化:沧州大化股份有限公司2023年第一季度报告
600230,2023/4/27,沧州大化:独立董事意见
300177,2023/6/22,中海达:关于公司减持光庭信息股票计划实施完毕的公告
300177,2023/6/3,中海达:第五届监事会第二十次会议决议公告
300177,2023/6/3,中海达:独立董事关于相关事项的独立意见
300177,2023/6/3,中海达:关于公司控股子公司向银行申请授信额度提供知识产权质押担保的公告
300177,2023/6/3,中海达:第五届董事会第二十五次会议决议公告
300177,2023/5/25,中海达:中海达调研活动信息
300177,2023/5/19,中海达:第五届监事会第十九次会议决议公告
300177,2023/5/19,中海达:2022年年度股东大会决议公告
300177,2023/5/19,中海达:关于公司择机减持光庭信息股票的公告
300177,2023/5/19,中海达:第五届董事会第二十四次会议决议公告
600105,2023/7/5,永鼎股份:永鼎股份关于不提前赎回“永鼎转债”的公告
600105,2023/7/5,永鼎股份:华西证券股份有限公司关于江苏永鼎股份有限公司不提前赎回永鼎转债的核查意见
600105,2023/7/5,永鼎股份:独立董事关于永鼎股份2022年年度报告的信息披露监管工作函相关事项的独立意见
600105,2023/7/5,永鼎股份:亚太（集团）会计师事务所（特殊普通合伙）关于永鼎股份2022年年度报告的信息披露监管工作函回复的专项说明
600105,2023/7/4,永鼎股份:永鼎股份可转债转股结果暨股份变动公告
600105,2023/6/28,永鼎股份:永鼎股份关于“永鼎转债”预计满足赎回条件的提示性公告
600105,2023/6/22,永鼎股份:永鼎股份简式权益变动报告书
600105,2023/6/22,永鼎股份:永鼎股份关于持股5%以上股东减持到5%以下暨权益变动的提示性公告
600105,2023/6/15,永鼎股份:控股股东及实际控制人关于《江苏永鼎股份有限公司股票交易异常波动问询函》的回函
600105,2023/6/15,永鼎股份:永鼎股份股票交易异常波动公告
2409,2023/6/13,雅克科技:2023年6月9日投资者关系活动记录表
2409,2023/5/24,雅克科技:2022年年度权益分派实施公告
2409,2023/5/19,雅克科技:第六届监事会第一次会议决议公告
2409,2023/5/19,雅克科技:2022年年度股东大会决议公告
2409,2023/5/19,雅克科技:第六届董事会第一次会议决议公告
2409,2023/5/19,雅克科技:独立董事关于第六届董事会第一次会议相关事项的独立意见
2409,2023/5/19,雅克科技:江苏雅克科技股份有限公司2022年年度股东大会法律意见书
2409,2023/5/18,雅克科技:关于股东减持股份比例达到1%暨减持计划实施完成的公告
2409,2023/5/17,雅克科技:江苏雅克科技股份有限公司2022年年度业绩说明会投资者关系活动记录表
2409,2023/5/16,雅克科技:关于股东减持计划实施进展暨减持数量过半的公告
300127,2023/7/7,银河磁体:股票交易异常波动公告
300127,2023/6/7,银河磁体:2022年年度权益分派公告
300127,2023/4/26,银河磁体:2023年一季度报告
300127,2023/4/25,银河磁体:2022年年度股东大会法律意见书
300127,2023/4/25,银河磁体:2022年年度股东大会决议公告
300127,2023/4/12,银河磁体:银河磁体:公司2022年度业绩网上说明会投资者关系活动记录表
300127,2023/3/30,银河磁体:2022年年度审计报告
300127,2023/3/30,银河磁体:关于使用部分超募资金永久补充流动资金的公告
300127,2023/3/30,银河磁体:2022年度董事会工作报告
300127,2023/3/30,银河磁体:2022年度内部控制自我评价报告
2115,2023/6/20,三维通信:2023年6月19日投资者关系活动记录表
2115,2023/6/12,三维通信:2023年6月9日投资者关系活动记录表
2115,2023/5/23,三维通信:三维通信2022年度股东大会法律意见书
2115,2023/5/23,三维通信:2022年度股东大会决议公告
2115,2023/5/15,三维通信:2022年度业绩说明会投资者关系活动记录表
2115,2023/5/9,三维通信:2023年5月8日投资者关系活动记录表
2115,2023/5/9,三维通信:关于参加浙江辖区上市公司2023年投资者网上集体接待日活动暨召开2022年度业绩说明会的公告
2115,2023/4/29,三维通信:关于开展外汇套期保值业务的可行性分析报告
2115,2023/4/29,三维通信:年度募集资金使用鉴证报告
2115,2023/4/29,三维通信:2022年度监事会工作报告
688668,2023/6/28,鼎通科技:2023年第一次临时股东大会决议公告
688668,2023/6/28,鼎通科技:北京国枫律师事务所关于东莞市鼎通精密科技股份有限公司2023年第一次临时股东大会的法律意见书
688668,2023/6/27,鼎通科技:关于持股5%以上股东减持数量过半暨减持达到1%的进展公告
688668,2023/6/27,鼎通科技:关于召开2022年度暨2023年第一季度业绩说明会的公告
688668,2023/6/21,鼎通科技:2023年第一次临时股东大会会议资料
688668,2023/6/21,鼎通科技:关于东莞市鼎通精密科技股份有限公司股票交易异常波动有关事项问询函的回函
688668,2023/6/21,鼎通科技:股票交易异常波动公告
688668,2023/6/15,鼎通科技:东莞市鼎通精密科技股份有限公司董监高集中竞价减持股份结果公告
688668,2023/6/13,鼎通科技:鼎通科技董监高集中竞价减持股份计划公告
688668,2023/6/13,鼎通科技:鼎通科技董监高集中竞价减持股份进展公告
601127,2023/6/28,赛力斯:中诚信国际关于终止赛力斯集团股份有限公司主体和相关债项信用评级的公告
601127,2023/6/27,赛力斯:关于“小康转债”赎回结果暨股份变动公告
601127,2023/6/22,赛力斯:关于2021年股票期权激励计划限制行权期间的提示性公告
601127,2023/6/21,赛力斯:关于实施“小康转债”赎回暨摘牌的最后一次提示性公告
601127,2023/6/20,赛力斯:关于股票交易异常波动的公告
601127,2023/6/20,赛力斯:《关于赛力斯集团股份有限公司股票交易异常波动的询证函》的回函
601127,2023/6/20,赛力斯:关于实施“小康转债”赎回暨摘牌的第十五次提示性公告
601127,2023/6/17,赛力斯:关于实施“小康转债”赎回暨摘牌的第十四次提示性公告
601127,2023/6/16,赛力斯:股票交易风险提示公告
601127,2023/6/16,赛力斯:关于召开2022年度业绩说明会暨2023年一季度业绩说明会的公告
600353,2023/6/17,旭光电子:旭光电子关于2023年股票期权与限制性股票激励计划（第一期）授予结果公告
600353,2023/6/9,旭光电子:旭光电子第十届监事会第十四次会议决议公告
600353,2023/6/9,旭光电子:旭光电子关于向2023年股票期权与限制性股票激励计划（第一期）激励对象授予股票期权与限制性股票的公告
600353,2023/6/9,旭光电子:上海信公轶禾企业管理咨询有限公司关于成都旭光电子股份有限公司2023年股票期权与限制性股票激励计划（第一期）授予相关事项之独立财务顾问报告
600353,2023/6/9,旭光电子:旭光电子独立董事关于第十届董事会第十八次会议相关事项的独立意见
600353,2023/6/9,旭光电子:北京市天元（成都）律师事务所关于成都旭光电子股份有限公司2023年股票期权与限制性股票激励计划（第一期）调整与授予事项的法律意见
600353,2023/6/9,旭光电子:旭光电子第十届董事会第十八次会议决议公告
600353,2023/6/9,旭光电子:旭光电子2023年股票期权与限制性股票激励计划(第一期)激励对象名单(授权、授予日)
600353,2023/6/9,旭光电子:旭光电子关于调整2023年股票期权与限制性股票激励计划（第一期）相关事项的公告
600353,2023/5/20,旭光电子:旭光电子第一、第二期员工持股计划2022年业绩考核指标完成情况专项审核报告
2453,2023/6/27,华软科技:第六届董事会第十三次会议决议的公告
2453,2023/6/27,华软科技:关于拟变更公司注册资本及修订《公司章程》的公告
2453,2023/6/27,华软科技:关于召开2023年第三次临时股东大会通知的公告
2453,2023/6/27,华软科技:独立董事关于第六届董事会第十三次会议相关事项的事前认可意见
2453,2023/6/27,华软科技:关于以债转股方式向全资子公司增资的公告
2453,2023/6/27,华软科技:公司章程（2023年6月）
2453,2023/6/27,华软科技:关于发行股份购买资产2022年度业绩补偿方案暨回购注销股份的公告
2453,2023/6/27,华软科技:第六届监事会第十二次会议决议的公告
2453,2023/6/27,华软科技:独立董事关于第六届董事会第十三次会议相关事项的独立意见
2453,2023/6/27,华软科技:天风证券关于华软科技发行股份及支付现金购买资产并募集配套资金暨关联交易之2022年度业绩承诺补偿方案暨回购注销股份的核查意见
300243,2023/7/5,瑞丰高材:独立董事关于第五届董事会第十一次会议相关事项的事前认可意见
300243,2023/7/5,瑞丰高材:关于补选第五届董事会独立董事及专门委员会委员的公告
300243,2023/7/5,瑞丰高材:第五届董事会第十一次会议决议公告
300243,2023/7/5,瑞丰高材:关于召开2023年第二次临时股东大会的通知
300243,2023/7/5,瑞丰高材:独立董事候选人关于参加最近一期独立董事培训并取得独立董事资格证书的承诺函
300243,2023/7/5,瑞丰高材:独立董事提名人声明
300243,2023/7/5,瑞丰高材:公司章程（2023年7月）
300243,2023/7/5,瑞丰高材:关于对外投资设立控股子公司暨关联交易的公告
300243,2023/7/5,瑞丰高材:中信证券股份有限公司关于公司对外投资设立控股子公司暨关联交易的核查意见
300243,2023/7/5,瑞丰高材:关于变更注册资本并修订《公司章程》的公告
300445,2023/6/22,康斯特:北京康斯特仪表科技股份有限公司关于部分持股5%以上股东拟通过大宗交易减持股份的预披露公告
300445,2023/6/22,康斯特:北京康斯特仪表科技股份有限公司关于持股5%以上股东股份解除质押的公告
300445,2023/6/6,康斯特:北京康斯特仪表科技股份有限公司2023年第一次临时股东大会决议公告
300445,2023/6/6,康斯特:北京康斯特仪表科技股份有限公司第六届监事会第一次会议决议公告
300445,2023/6/6,康斯特:北京康斯特仪表科技股份有限公司关于选举产生第六届监事会职工代表监事的公告
300445,2023/6/6,康斯特:北京康斯特仪表科技股份有限公司独立董事对第六届董事会第一次会议相关事项的独立意见
300445,2023/6/6,康斯特:北京康斯特仪表科技股份有限公司关于董事会、监事会及高级管理人员完成换届暨第五届董事会独立董事、高级管理人员任期届满离任的公告
300445,2023/6/6,康斯特:北京康斯特仪表科技股份有限公司第六届董事会第一次会议决议公告
300445,2023/6/6,康斯特:北京市天元律师事务所关于北京康斯特仪表科技股份有限公司2023年第一次临时股东大会的见证法律意见
300445,2023/5/30,康斯特:北京康斯特仪表科技股份有限公司关于召开2023年第一次临时股东大会的提示性公告
809,2023/6/16,铁岭新城:关于2022年年度报告的补充公告
809,2023/6/16,铁岭新城:铁岭新城投资控股(集团)股份有限公司2022年年度报告（补充后）
809,2023/6/1,ST新城:关于对铁岭新城投资控股（集团）股份有限公司的年报问询函之核查意见
809,2023/6/1,ST新城:关于对深圳证券交易所2022年年报问询函回复的公告
809,2023/6/1,ST新城:关于撤消其他风险警示暨停复牌的公告
809,2023/5/20,ST新城:铁岭新城2022年度股东大会法律意见书
809,2023/5/20,ST新城:2022年度股东大会决议公告
809,2023/5/18,关于对ST新城公司的年报问询函
809,2023/5/13,ST新城:关于控股股东拟协议转让公司部分股份公开征集受让方的进展公告
809,2023/5/13,ST新城:2023-020关于控股股东拟协议转让公司部分股份公开征集受让方的进展公告
600975,2023/6/30,新五丰:湖南启元律师事务所关于新五丰发行股份及支付现金购买资产并募集配套资金的法律意见书
600975,2023/6/30,新五丰:招商证券、财信证券关于新五丰发行股份及支付现金购买资产并募集配套资金暨关联交易之向特定对象发行股份募集配套资金发行过程和认购对象合规性的报告
600975,2023/6/15,新五丰:湖南新五丰股份有限公司独立董事关于公司第五届董事会第四十一次会议的独立意见
600975,2023/6/15,新五丰:湖南新五丰股份有限公司第五届董事会第四十一次会议决议公告
600975,2023/5/30,新五丰:湖南新五丰股份有限公司2022年年度股东大会决议公告
600975,2023/5/30,新五丰:湖南启元律师事务所关于湖南新五丰股份有限公司2022年年度股东大会的法律意见书
600975,2023/5/24,新五丰:湖南新五丰股份有限公司关于持股5%以上股东参与转融通证券出借业务暨权益变动的提示性公告
600975,2023/5/24,新五丰:湖南新五丰股份有限公司关于持股5%以上股东参与转融通证券出借业务的公告
600975,2023/5/23,新五丰:湖南新五丰股份有限公司关于召开2022年年度股东大会的提示性公告
600975,2023/5/20,新五丰:湖南新五丰股份有限公司2022年年度股东大会会议资料
300572,2023/6/14,安车检测:关于召开2023年第一次临时股东大会的通知
300572,2023/6/14,安车检测:第四届监事会第五次会议决议公告
300572,2023/6/14,安车检测:第四届董事会第五次会议决议公告
300572,2023/6/14,安车检测:中天国富证券有限公司关于深圳市安车检测股份有限公司变更募投项目部分募集资金用途、实施主体及使用募集资金对外投资的核查意见
300572,2023/6/14,安车检测:关于变更募投项目部分募集资金用途、实施主体及使用募集资金对外投资的公告
300572,2023/6/14,安车检测:独立董事关于公司第四届董事会第五次会议相关事项的独立意见
300572,2023/5/17,安车检测:2022年度股东大会决议公告
300572,2023/5/17,安车检测:北京市中伦（深圳）律师事务所关于深圳市安车检测股份有限公司2022年度股东大会的法律意见书
300572,2023/5/10,安车检测:2023年5月10日2022年度业绩说明会
300572,2023/5/6,安车检测:中天国富证券有限公司关于深圳市安车检测股份有限公司2022年年度跟踪报告
688525,2023/6/20,佰维存储:深圳佰维存储科技股份有限公司首次公开发行网下配售限售股上市流通公告
688525,2023/6/20,佰维存储:中信证券股份有限公司关于深圳佰维存储科技股份有限公司首次公开发行网下配售限售股上市流通的核查意见
688525,2023/6/13,佰维存储:上海市锦天城（深圳）律师事务所关于深圳佰维存储科技股份有限公司2023年第三次临时股东大会的法律意见书
688525,2023/6/13,佰维存储:2023年第三次临时股东大会决议公告
688525,2023/6/3,佰维存储:2023年第三次临时股东大会会议资料
688525,2023/6/2,佰维存储:关于《深圳佰维存储科技股份有限公司股票交易异常波动问询函》的回函-控股股东
688525,2023/6/2,佰维存储:深圳佰维存储科技股份有限公司股票交易异常波动公告
688525,2023/6/2,佰维存储:关于《深圳佰维存储科技股份有限公司股票交易异常波动问询函》的回函-实际控制人
688525,2023/5/27,佰维存储:关于2023年第三次临时股东大会更正补充公告
688525,2023/5/26,佰维存储:深圳佰维存储科技股份有限公司章程
301255,2023/6/16,通力科技:股票交易异常波动公告
301255,2023/6/2,通力科技:2022年年度权益分派实施公告
301255,2023/5/25,通力科技:关于签订募集资金三方监管协议的公告
301255,2023/5/22,通力科技:上海市广发律师事务所关于浙江通力传动科技股份有限公司2022年年度股东大会的法律意见书
301255,2023/5/22,通力科技:2022年年度股东大会决议公告
301255,2023/5/18,通力科技:2023年5月16日、5月18日投资者关系活动记录表
301255,2023/5/11,通力科技:2023年5月10日投资者关系活动记录表
301255,2023/5/8,通力科技:关于对深圳证券交易所关注函回复的公告
301255,2023/4/28,通力科技:关于举行2022年度网上业绩说明会的公告
301255,2023/4/26,关于通力科技的关注函
300422,2023/7/3,博世科:关于2023年第二季度可转换公司债券转股情况的公告
300422,2023/6/29,博世科:关于“博世转债”2023年付息的公告
300422,2023/6/26,博世科:2023年第一次临时股东大会决议公告
300422,2023/6/26,博世科:独立董事关于相关事项的独立意见
300422,2023/6/26,博世科:独立董事关于相关事项的事前认可意见
300422,2023/6/26,博世科:离任董事、监事持股及减持承诺事项的说明
300422,2023/6/26,博世科:第六届监事会第一次会议决议公告
300422,2023/6/26,博世科:2023年第一次临时股东大会的法律意见书
300422,2023/6/26,博世科:第六届董事会第一次会议决议公告
300422,2023/6/26,博世科:中信建投证券股份有限公司关于广西博世科环保科技股份有限公司全资子公司开展融资租赁业务暨关联交易的核查意见
300489,2023/6/8,光智科技:独立董事关于第五届董事会第一次会议相关事项的独立意见
300489,2023/6/8,光智科技:关于董事会、监事会完成换届选举及聘任高级管理人员的公告
300489,2023/6/8,光智科技:2023年第三次临时股东大会法律意见书
300489,2023/6/8,光智科技:第五届董事会第一次会议决议公告
300489,2023/6/8,光智科技:第五届监事会第一次会议决议公告
300489,2023/6/8,光智科技:2023年第三次临时股东大会决议公告
300489,2023/6/8,光智科技:关于选举第五届监事会职工代表监事的公告
300489,2023/6/6,光智科技:关于召开2023年第三次临时股东大会的提示性公告
300489,2023/6/2,光智科技:关于2021年限制性股票激励计划首次授予部分第一个归属期归属结果暨股份上市的公告
300489,2023/5/31,光智科技:关于深圳证券交易所年报问询函的回复公告
605589,2023/6/3,圣泉集团:圣泉集团关于向特定对象发行股票的审核问询函回复及募集说明书等申请文件更新的提示性公告
605589,2023/6/3,圣泉集团:济南圣泉集团股份有限公司向特定对象发行A股股票募集说明书
605589,2023/6/3,圣泉集团:关于济南圣泉集团股份有限公司向特定对象发行股票申请文件的审核问询函的回复
605589,2023/6/3,圣泉集团:信永中和会计师事务所（特殊普通合伙）关于《关于济南圣泉集团股份有限公司向特定对象发行股票申请文件的审核问询函》的回复
605589,2023/6/3,圣泉集团:北京国枫律师事务所关于济南圣泉集团股份有限公司向特定对象发行A股股票的补充法律意见书之二
605589,2023/5/24,圣泉集团:圣泉集团2022年年度权益分派实施公告
605589,2023/5/17,圣泉集团:圣泉集团2022年年度股东大会决议公告
605589,2023/5/17,圣泉集团:北京国枫律师事务所关于济南圣泉集团股份有限公司2022年年度股东大会法律意见书
605589,2023/5/10,圣泉集团:圣泉集团关于子公司100万吨／年生物质精炼一体化（一期工程）项目投产的公告
605589,2023/5/5,圣泉集团:圣泉集团2022年年度股东大会会议资料
600729,2023/6/27,重庆百货:重庆百货大楼股份有限公司第七届四十九次董事会决议公告
600729,2023/6/19,重庆百货:重庆百货大楼股份有限公司2022年年度权益分派实施公告
600729,2023/6/19,重庆百货:上海中联（重庆）律师事务所关于重庆百货大楼股份有限公司差异化权益分派事项的法律意见书
600729,2023/6/16,重庆百货:关于重庆百货大楼股份有限公司吸收合并重庆商社（集团）有限公司暨关联交易申请的审核问询函
600729,2023/6/16,重庆百货:重庆百货大楼股份有限公司关于吸收合并重庆商社（集团）有限公司暨关联交易申请收到上海证券交易所审核问询函的公告
600729,2023/6/15,重庆百货_关于重庆百货大楼股份有限公司吸收合并重庆商社（集团）有限公司暨关联交易申请的审核问询函
600729,2023/6/13,重庆百货:重庆百货大楼股份有限公司2022年年度报告（补充披露）
600729,2023/6/13,重庆百货:重庆百货大楼股份有限公司关于2022年年度报告补充披露公告
600729,2023/6/6,重庆百货:重庆百货大楼股份有限公司关于发行股份吸收合并暨关联交易申请获得上海证券交易所受理的公告
600729,2023/6/2,重庆百货_重庆百货大楼股份有限公司吸收合并重庆商社（集团）有限公司暨关联交易报告书（申报稿）
836221,2023/6/21,易实精密(836221)交易公开信息
836221,2023/6/20,易实精密(836221)交易公开信息
836221,2023/6/16,易实精密(836221)交易公开信息
836221,2023/6/16,北京证券交易所交易公开信息(2023-06-16)
836221,2023/6/15,易实精密(836221)交易公开信息
836221,2023/6/15,北京证券交易所交易公开信息(2023-06-15)
836221,2023/6/14,易实精密(836221)交易公开信息
836221,2023/6/14,北京证券交易所交易公开信息(2023-06-14)
836221,2023/6/13,易实精密(836221)交易公开信息
836221,2023/6/13,北京证券交易所交易公开信息(2023-06-13)
688390,2023/6/28,固德威:2023年第二次临时股东大会决议公告
688390,2023/6/28,固德威:北京市天元律师事务所关于固德威技术股份有限公司2023年第二次临时股东大会的法律意见书
688390,2023/6/15,固德威:监事会关于公司2021年限制性股票激励计划首次授予部分第一个归属期归属名单的核查意见
688390,2023/6/15,固德威:关于调整2021年限制性股票激励计划授予价格和数量的公告
688390,2023/6/15,固德威:第三届董事会第十三次会议决议公告
688390,2023/6/15,固德威:北京市天元律师事务所关于固德威技术股份有限公司2021年限制性股票激励计划授予价格及数量调整、首次授予部分第一个归属期归属条件成就及部分限制性股票作废相关事项的法律意见
688390,2023/6/15,固德威:关于作废处理部分限制性股票的公告
688390,2023/6/15,固德威:关于2021年限制性股票激励计划首次授予部分第一个归属期符合归属条件的公告
688390,2023/6/15,固德威:上海荣正企业咨询服务（集团）股份有限公司关于固德威技术股份有限公司2021年限制性股票激励计划首次授予部分第一个归属期归属条件成就之独立财务顾问报告
688390,2023/6/15,固德威:第三届监事会第十次会议决议公告
2962,2023/6/12,五方光电:关于2020年限制性股票激励计划首次授予限制性股票第二个解除限售期解除限售股份上市流通的提示性公告
2962,2023/6/7,五方光电:独立董事关于相关事项的独立意见
2962,2023/6/7,五方光电:关于2020年限制性股票激励计划首次授予限制性股票第二个解除限售期解除限售条件成就的公告
2962,2023/6/7,五方光电:第二届董事会第二十一次会议决议公告
2962,2023/6/7,五方光电:第二届监事会第二十次会议决议公告
2962,2023/6/7,五方光电:关于回购注销2020年限制性股票激励计划部分限制性股票及调整回购价格的公告
2962,2023/6/7,五方光电:北京德恒（深圳）律师事务所关于五方光电2020年限制性股票激励计划的法律意见
2962,2023/6/7,五方光电:北京德恒（深圳）律师事务所关于五方光电2020年限制性股票激励计划首次授予限制性股票第二个解除限售期解除限售、调整回购价格及部分激励股票回购注销事项的法律意见
2962,2023/6/1,五方光电:关于使用闲置募集资金进行现金管理的进展公告
2962,2023/5/16,五方光电:2022年年度权益分派实施公告
688519,2023/7/7,南亚新材:南亚新材2022年度向特定对象发行A股股票募集说明书（注册稿）
688519,2023/7/6,南亚新材:南亚新材关于2022年度向特定对象发行A股股票申请获得中国证券监督管理委员会同意注册批复的公告
688519,2023/7/5,关于同意南亚新材料科技股份有限公司向特定对象发行股票注册的批复
688519,2023/6/26,南亚新材:南亚新材关于在泰国投资新建生产基地的公告
688519,2023/6/26,南亚新材:南亚新材独立董事关于第二届董事会第二十六次会议相关事项的独立意见
688519,2023/6/26,南亚新材:南亚新材第二届监事会第二十四次会议决议公告
688519,2023/6/26,南亚新材:南亚新材第二届董事会第二十六次会议决议公告
688519,2023/6/21,南亚新材:国浩律师（上海）事务所关于南亚新材料科技股份有限公司2022年度向特定对象发行股票的法律意见书
688519,2023/6/21,南亚新材:光大证券股份有限公司关于南亚新材料科技股份有限公司2022年度向特定对象发行A股股票之发行保荐书
688519,2023/6/21,南亚新材:南亚新材关于2022年度向特定对象发行A股股票募集说明书等相关文件更新的提示性公告
871478,2023/7/5,巨能股份(871478)交易公开信息
871478,2023/7/3,巨能股份(871478)交易公开信息
871478,2023/6/30,巨能股份(871478)交易公开信息
871478,2023/6/26,巨能股份(871478)交易公开信息
871478,2023/6/21,巨能股份(871478)交易公开信息
871478,2023/6/20,巨能股份(871478)交易公开信息
871478,2023/6/20,北京证券交易所交易公开信息(2023-06-20)
871478,2023/6/19,北京证券交易所交易公开信息(2023-06-19)
871478,2023/6/19,巨能股份(871478)交易公开信息
871478,2023/6/16,巨能股份(871478)交易公开信息
688590,2023/7/7,新致软件:2023年半年度业绩预增公告
688590,2023/7/4,新致软件:关于可转债转股结果暨股份变动的公告
688590,2023/6/27,新致软件:关于第四届董事会第二次会议相关事项的独立意见
688590,2023/6/27,新致软件:关于增资并收购参股子公司暨关联交易的公告
688590,2023/6/27,新致软件:上海新致软件股份有限公司拟增资所涉及的上海沐高网络科技有限公司股东全部权益价值资产评估报告
688590,2023/6/27,新致软件:第四届监事会第二次会议决议公告
688590,2023/6/27,新致软件:长江证券承销保荐有限公司关于上海新致软件股份有限公司增资并收购参股子公司暨关联交易的核查意见
688590,2023/6/22,新致软件:上海新致软件股份有限公司向不特定对象发行可转换公司债券受托管理事务报告（2022年度）
688590,2023/6/22,新致软件:上海新致软件股份有限公司向不特定对象发行可转换公司债券2023年跟踪评级报告
688590,2023/6/10,新致软件:关于实际控制人兼董事长增持公司股份计划实施完毕暨增持结果公告
603228,2023/7/4,景旺电子:景旺电子关于景20转债转股结果暨股份变动公告
603228,2023/6/27,景旺电子:景旺电子关于子公司使用募集资金临时补充流动资金提前归还的公告
603228,2023/6/21,景旺电子:景旺电子关于“景20转债”、“景23转债”2023年跟踪评级结果的公告
603228,2023/6/21,景旺电子:2023年深圳市景旺电子股份有限公司公开发行可转换公司债券2023年跟踪评级报告
603228,2023/6/21,景旺电子:2020年深圳市景旺电子股份有限公司公开发行可转换公司债券2023年跟踪评级报告
603228,2023/6/13,景旺电子:景旺电子独立董事关于公司第四届董事会第十次会议相关事项的独立意见
603228,2023/6/13,景旺电子:景旺电子第四届监事会第七次会议决议公告
603228,2023/6/13,景旺电子:景旺电子关于调整2019年限制性股票激励计划回购价格的公告
603228,2023/6/13,景旺电子:北京观韬中茂（深圳）律师事务所关于深圳市景旺电子股份有限公司调整2019年限制性股票激励计划回购价格的法律意见书
603228,2023/6/13,景旺电子:景旺电子第四届董事会第十次会议决议公告
600268,2023/6/20,国电南自:上海荣正企业咨询服务（集团）股份有限公司关于国电南自回购注销部分限制性股票及调整回购相关事项之独立财务顾问报告
600268,2023/6/20,国电南自:国电南自关于回购注销部分已获授但尚未解除限售的限制性股票及调整回购相关事项的公告
600268,2023/6/20,国电南自:国电南自独立董事对2023年第二次临时董事会会议相关事项的独立意见
600268,2023/6/20,国电南自:国电南自关于回购注销部分限制性股票减资暨通知债权人的公告
600268,2023/6/20,国电南自:国电南自关于间接控股子公司以未分配利润转增注册资本的公告
600268,2023/6/20,国电南自:国电南自2023年第二次临时董事会会议决议公告
600268,2023/6/20,国电南自:国电南自2023年第一次临时监事会会议决议公告
600268,2023/6/20,国电南自:北京德和衡（南京）律师事务所关于国电南自回购注销部分已获授但尚未解除限售的限制性股票及调整回购相关事项之法律意见书
600268,2023/6/20,国电南自:南京南自电力仪表有限公司审计报告（2022年1月1日至2022年12月31日止）
600268,2023/6/9,国电南自:国电南自关于2023年面向专业投资者公开发行科技创新绿色公司债券（第一期）发行结果公告
688661,2023/6/20,和林微纳:天衡会计师事务所（特殊普通合伙）关于对苏州和林微纳科技股份有限公司2022年年度报告的事后审核问询函的回复
688661,2023/6/20,和林微纳:关于2022年年度报告事后审核问询函的回复
688661,2023/6/20,和林微纳:国泰君安证券股份有限公司关于苏州和林微纳科技股份有限公司2022年年度报告事后审核问询函回复的核查意见
688661,2023/6/6,和林微纳:2022年年度权益分派实施公告
688661,2023/5/19,和林微纳:2022年年度股东大会决议公告
688661,2023/5/19,和林微纳:和林微纳2022年年度股东大会法律意见书
688661,2023/5/12,和林微纳:关于参加2022年度半导体行业专场集体业绩说明会的公告
688661,2023/5/9,和林微纳:2022年年度报告（更正稿）
688661,2023/5/9,和林微纳:关于2022年年度报告更正的公告
688661,2023/5/6,和林微纳:2022年年度股东大会资料
300563,2023/6/21,神宇股份:离任董监高持股及减持承诺事项的说明
300563,2023/6/21,神宇股份:上海市广发律师事务所关于神宇通信科技股份公司2023年第一次临时股东大会的法律意见书
300563,2023/6/21,神宇股份:关于公司财务总监兼董事会秘书变更的公告
300563,2023/6/21,神宇股份:独立董事关于相关事项的独立意见
300563,2023/6/21,神宇股份:第五届董事会第十三次会议决议公告
300563,2023/6/21,神宇股份:关于2023年限制性股票激励计划内幕信息知情人及激励对象买卖公司股票情况的自查报告
300563,2023/6/21,神宇股份:2023年第一次临时股东大会决议公告
300563,2023/6/16,神宇股份:监事会关于2023年限制性股票激励计划首次授予激励对象名单的审核意见及公示情况说明
300563,2023/6/12,神宇股份:2023年限制性股票激励计划（草案修订稿）
300563,2023/6/12,神宇股份:上海市广发律师事务所关神宇通信科技股份公司限制性股票激励计划（草案修订稿）的法律意见
833394,2023/6/13,民士达:关于接待机构投资者调研情况的公告
833394,2023/6/13,民士达:关于接待机构投资者调研情况的公告
833394,2023/6/8,民士达:烟台民士达特种纸业股份有限公司以募集资金置换预先投入募投项目自筹资金及已支付发行费用的专项说明鉴证报告
833394,2023/6/8,民士达:关于调整募集资金投资项目拟投入募集资金金额的公告
833394,2023/6/8,民士达:中泰证券股份有限公司关于烟台民士达特种纸业股份有限公司使用部分闲置募集资金购买理财产品的核查意见
833394,2023/6/8,民士达:中泰证券股份有限公司关于烟台民士达特种纸业股份有限公司使用募集资金置换预先已投入募投项目及已支付发行费用的自筹资金的核查意见
833394,2023/6/8,民士达:中泰证券股份有限公司关于烟台民士达特种纸业股份有限公司调整募集资金投资项目拟投入募集资金金额的核查意见
833394,2023/6/8,民士达:关于变更注册资本、公司类型及修订《公司章程》的公告
833394,2023/6/8,民士达:第五届监事会第十六次会议决议公告
833394,2023/6/8,民士达:关于使用部分闲置募集资金购买理财产品的公告
600178,2023/6/28,东安动力:国金证券股份有限公司关于哈尔滨东安汽车动力股份有限公司向特定对象发行股票之发行保荐书
600178,2023/6/28,东安动力:哈尔滨东安汽车动力股份有限公司最近一年审计报告以及最近一期的财务报告
600178,2023/6/28,东安动力:东安动力关于公司诉讼事项公告
600178,2023/6/28,东安动力:哈尔滨东安汽车动力股份有限公司向特定对象发行股票证券募集说明书（申报稿）
600178,2023/6/28,东安动力:国金证券股份有限公司关于哈尔滨东安汽车动力股份有限公司向特定对象发行股票之上市保荐书
600178,2023/6/28,东安动力:北京市中伦文德律师事务所关于哈尔滨东安汽车动力股份有限公司向特定对象发行股票之法律意见书
600178,2023/6/28,东安动力:东安动力关于向特定对象发行股票申请获得上海证券交易所受理的公告
600178,2023/6/26,东安动力_哈尔滨东安汽车动力股份有限公司向特定对象发行股票证券募集说明书（申报稿）
600178,2023/6/22,东安动力:东安动力八届十四次监事会决议公告
600178,2023/6/22,东安动力:东安动力八届二十次董事会会议决议公告
600823,2023/7/1,ST世茂:世茂股份关于未能按期支付债务的公告
600823,2023/6/26,ST世茂:世茂股份关于控股股东或其一致行动人增持计划进展的公告
600823,2023/6/22,ST世茂:世茂股份关于回购股份事项前十大股东和前十大无限售条件股东持股情况的公告
600823,2023/6/16,ST世茂:上海世茂股份有限公司2022年年度股东大会会议资料
600823,2023/6/13,ST世茂:世茂股份2023年5月房地产项目经营情况简报
600823,2023/6/10,ST世茂:世茂股份关于控股股东或其一致行动人增持计划进展的公告
600823,2023/6/5,ST世茂:世茂股份第九届董事会第十七次会议决议公告
600823,2023/6/5,ST世茂:世茂股份关于以集中竞价方式回购公司股份方案的公告
600823,2023/6/5,ST世茂:独立董事关于公司第九届董事会第十七次会议相关事项的独立意见
600823,2023/6/5,ST世茂:世茂股份关于召开2022年年度股东大会的通知
300572,2023/6/14,安车检测:关于召开2023年第一次临时股东大会的通知
300572,2023/6/14,安车检测:第四届监事会第五次会议决议公告
300572,2023/6/14,安车检测:第四届董事会第五次会议决议公告
300572,2023/6/14,安车检测:中天国富证券有限公司关于深圳市安车检测股份有限公司变更募投项目部分募集资金用途、实施主体及使用募集资金对外投资的核查意见
300572,2023/6/14,安车检测:关于变更募投项目部分募集资金用途、实施主体及使用募集资金对外投资的公告
300572,2023/6/14,安车检测:独立董事关于公司第四届董事会第五次会议相关事项的独立意见
300572,2023/5/17,安车检测:2022年度股东大会决议公告
300572,2023/5/17,安车检测:北京市中伦（深圳）律师事务所关于深圳市安车检测股份有限公司2022年度股东大会的法律意见书
300572,2023/5/10,安车检测:2023年5月10日2022年度业绩说明会
300572,2023/5/6,安车检测:中天国富证券有限公司关于深圳市安车检测股份有限公司2022年年度跟踪报告
688525,2023/6/20,佰维存储:深圳佰维存储科技股份有限公司首次公开发行网下配售限售股上市流通公告
688525,2023/6/20,佰维存储:中信证券股份有限公司关于深圳佰维存储科技股份有限公司首次公开发行网下配售限售股上市流通的核查意见
688525,2023/6/13,佰维存储:上海市锦天城（深圳）律师事务所关于深圳佰维存储科技股份有限公司2023年第三次临时股东大会的法律意见书
688525,2023/6/13,佰维存储:2023年第三次临时股东大会决议公告
688525,2023/6/3,佰维存储:2023年第三次临时股东大会会议资料
688525,2023/6/2,佰维存储:关于《深圳佰维存储科技股份有限公司股票交易异常波动问询函》的回函-控股股东
688525,2023/6/2,佰维存储:深圳佰维存储科技股份有限公司股票交易异常波动公告
688525,2023/6/2,佰维存储:关于《深圳佰维存储科技股份有限公司股票交易异常波动问询函》的回函-实际控制人
688525,2023/5/27,佰维存储:关于2023年第三次临时股东大会更正补充公告
688525,2023/5/26,佰维存储:深圳佰维存储科技股份有限公司章程
301255,2023/6/16,通力科技:股票交易异常波动公告
301255,2023/6/2,通力科技:2022年年度权益分派实施公告
301255,2023/5/25,通力科技:关于签订募集资金三方监管协议的公告
301255,2023/5/22,通力科技:上海市广发律师事务所关于浙江通力传动科技股份有限公司2022年年度股东大会的法律意见书
301255,2023/5/22,通力科技:2022年年度股东大会决议公告
301255,2023/5/18,通力科技:2023年5月16日、5月18日投资者关系活动记录表
301255,2023/5/11,通力科技:2023年5月10日投资者关系活动记录表
301255,2023/5/8,通力科技:关于对深圳证券交易所关注函回复的公告
301255,2023/4/28,通力科技:关于举行2022年度网上业绩说明会的公告
301255,2023/4/26,关于通力科技的关注函
300422,2023/7/3,博世科:关于2023年第二季度可转换公司债券转股情况的公告
300422,2023/6/29,博世科:关于“博世转债”2023年付息的公告
300422,2023/6/26,博世科:2023年第一次临时股东大会决议公告
300422,2023/6/26,博世科:独立董事关于相关事项的独立意见
300422,2023/6/26,博世科:独立董事关于相关事项的事前认可意见
300422,2023/6/26,博世科:离任董事、监事持股及减持承诺事项的说明
300422,2023/6/26,博世科:第六届监事会第一次会议决议公告
300422,2023/6/26,博世科:2023年第一次临时股东大会的法律意见书
300422,2023/6/26,博世科:第六届董事会第一次会议决议公告
300422,2023/6/26,博世科:中信建投证券股份有限公司关于广西博世科环保科技股份有限公司全资子公司开展融资租赁业务暨关联交易的核查意见
300489,2023/6/8,光智科技:独立董事关于第五届董事会第一次会议相关事项的独立意见
300489,2023/6/8,光智科技:关于董事会、监事会完成换届选举及聘任高级管理人员的公告
300489,2023/6/8,光智科技:2023年第三次临时股东大会法律意见书
300489,2023/6/8,光智科技:第五届董事会第一次会议决议公告
300489,2023/6/8,光智科技:第五届监事会第一次会议决议公告
300489,2023/6/8,光智科技:2023年第三次临时股东大会决议公告
300489,2023/6/8,光智科技:关于选举第五届监事会职工代表监事的公告
300489,2023/6/6,光智科技:关于召开2023年第三次临时股东大会的提示性公告
300489,2023/6/2,光智科技:关于2021年限制性股票激励计划首次授予部分第一个归属期归属结果暨股份上市的公告
300489,2023/5/31,光智科技:关于深圳证券交易所年报问询函的回复公告
605589,2023/6/3,圣泉集团:圣泉集团关于向特定对象发行股票的审核问询函回复及募集说明书等申请文件更新的提示性公告
605589,2023/6/3,圣泉集团:济南圣泉集团股份有限公司向特定对象发行A股股票募集说明书
605589,2023/6/3,圣泉集团:关于济南圣泉集团股份有限公司向特定对象发行股票申请文件的审核问询函的回复
605589,2023/6/3,圣泉集团:信永中和会计师事务所（特殊普通合伙）关于《关于济南圣泉集团股份有限公司向特定对象发行股票申请文件的审核问询函》的回复
605589,2023/6/3,圣泉集团:北京国枫律师事务所关于济南圣泉集团股份有限公司向特定对象发行A股股票的补充法律意见书之二
605589,2023/5/24,圣泉集团:圣泉集团2022年年度权益分派实施公告
605589,2023/5/17,圣泉集团:圣泉集团2022年年度股东大会决议公告
605589,2023/5/17,圣泉集团:北京国枫律师事务所关于济南圣泉集团股份有限公司2022年年度股东大会法律意见书
605589,2023/5/10,圣泉集团:圣泉集团关于子公司100万吨／年生物质精炼一体化（一期工程）项目投产的公告
605589,2023/5/5,圣泉集团:圣泉集团2022年年度股东大会会议资料
600729,2023/6/27,重庆百货:重庆百货大楼股份有限公司第七届四十九次董事会决议公告
600729,2023/6/19,重庆百货:重庆百货大楼股份有限公司2022年年度权益分派实施公告
600729,2023/6/19,重庆百货:上海中联（重庆）律师事务所关于重庆百货大楼股份有限公司差异化权益分派事项的法律意见书
600729,2023/6/16,重庆百货:关于重庆百货大楼股份有限公司吸收合并重庆商社（集团）有限公司暨关联交易申请的审核问询函
600729,2023/6/16,重庆百货:重庆百货大楼股份有限公司关于吸收合并重庆商社（集团）有限公司暨关联交易申请收到上海证券交易所审核问询函的公告
600729,2023/6/15,重庆百货_关于重庆百货大楼股份有限公司吸收合并重庆商社（集团）有限公司暨关联交易申请的审核问询函
600729,2023/6/13,重庆百货:重庆百货大楼股份有限公司2022年年度报告（补充披露）
600729,2023/6/13,重庆百货:重庆百货大楼股份有限公司关于2022年年度报告补充披露公告
600729,2023/6/6,重庆百货:重庆百货大楼股份有限公司关于发行股份吸收合并暨关联交易申请获得上海证券交易所受理的公告
600729,2023/6/2,重庆百货_重庆百货大楼股份有限公司吸收合并重庆商社（集团）有限公司暨关联交易报告书（申报稿）
836221,2023/6/21,易实精密(836221)交易公开信息
836221,2023/6/20,易实精密(836221)交易公开信息
836221,2023/6/16,易实精密(836221)交易公开信息
836221,2023/6/16,北京证券交易所交易公开信息(2023-06-16)
836221,2023/6/15,易实精密(836221)交易公开信息
836221,2023/6/15,北京证券交易所交易公开信息(2023-06-15)
836221,2023/6/14,易实精密(836221)交易公开信息
836221,2023/6/14,北京证券交易所交易公开信息(2023-06-14)
836221,2023/6/13,易实精密(836221)交易公开信息
836221,2023/6/13,北京证券交易所交易公开信息(2023-06-13)
688390,2023/6/28,固德威:2023年第二次临时股东大会决议公告
688390,2023/6/28,固德威:北京市天元律师事务所关于固德威技术股份有限公司2023年第二次临时股东大会的法律意见书
688390,2023/6/15,固德威:监事会关于公司2021年限制性股票激励计划首次授予部分第一个归属期归属名单的核查意见
688390,2023/6/15,固德威:关于调整2021年限制性股票激励计划授予价格和数量的公告
688390,2023/6/15,固德威:第三届董事会第十三次会议决议公告
688390,2023/6/15,固德威:北京市天元律师事务所关于固德威技术股份有限公司2021年限制性股票激励计划授予价格及数量调整、首次授予部分第一个归属期归属条件成就及部分限制性股票作废相关事项的法律意见
688390,2023/6/15,固德威:关于作废处理部分限制性股票的公告
688390,2023/6/15,固德威:关于2021年限制性股票激励计划首次授予部分第一个归属期符合归属条件的公告
688390,2023/6/15,固德威:上海荣正企业咨询服务（集团）股份有限公司关于固德威技术股份有限公司2021年限制性股票激励计划首次授予部分第一个归属期归属条件成就之独立财务顾问报告
688390,2023/6/15,固德威:第三届监事会第十次会议决议公告
2962,2023/6/12,五方光电:关于2020年限制性股票激励计划首次授予限制性股票第二个解除限售期解除限售股份上市流通的提示性公告
2962,2023/6/7,五方光电:独立董事关于相关事项的独立意见
2962,2023/6/7,五方光电:关于2020年限制性股票激励计划首次授予限制性股票第二个解除限售期解除限售条件成就的公告
2962,2023/6/7,五方光电:第二届董事会第二十一次会议决议公告
2962,2023/6/7,五方光电:第二届监事会第二十次会议决议公告
2962,2023/6/7,五方光电:关于回购注销2020年限制性股票激励计划部分限制性股票及调整回购价格的公告
2962,2023/6/7,五方光电:北京德恒（深圳）律师事务所关于五方光电2020年限制性股票激励计划的法律意见
2962,2023/6/7,五方光电:北京德恒（深圳）律师事务所关于五方光电2020年限制性股票激励计划首次授予限制性股票第二个解除限售期解除限售、调整回购价格及部分激励股票回购注销事项的法律意见
2962,2023/6/1,五方光电:关于使用闲置募集资金进行现金管理的进展公告
2962,2023/5/16,五方光电:2022年年度权益分派实施公告
688519,2023/7/7,南亚新材:南亚新材2022年度向特定对象发行A股股票募集说明书（注册稿）
688519,2023/7/6,南亚新材:南亚新材关于2022年度向特定对象发行A股股票申请获得中国证券监督管理委员会同意注册批复的公告
688519,2023/7/5,关于同意南亚新材料科技股份有限公司向特定对象发行股票注册的批复
688519,2023/6/26,南亚新材:南亚新材关于在泰国投资新建生产基地的公告
688519,2023/6/26,南亚新材:南亚新材独立董事关于第二届董事会第二十六次会议相关事项的独立意见
688519,2023/6/26,南亚新材:南亚新材第二届监事会第二十四次会议决议公告
688519,2023/6/26,南亚新材:南亚新材第二届董事会第二十六次会议决议公告
688519,2023/6/21,南亚新材:国浩律师（上海）事务所关于南亚新材料科技股份有限公司2022年度向特定对象发行股票的法律意见书
688519,2023/6/21,南亚新材:光大证券股份有限公司关于南亚新材料科技股份有限公司2022年度向特定对象发行A股股票之发行保荐书
688519,2023/6/21,南亚新材:南亚新材关于2022年度向特定对象发行A股股票募集说明书等相关文件更新的提示性公告
871478,2023/7/5,巨能股份(871478)交易公开信息
871478,2023/7/3,巨能股份(871478)交易公开信息
871478,2023/6/30,巨能股份(871478)交易公开信息
871478,2023/6/26,巨能股份(871478)交易公开信息
871478,2023/6/21,巨能股份(871478)交易公开信息
871478,2023/6/20,巨能股份(871478)交易公开信息
871478,2023/6/20,北京证券交易所交易公开信息(2023-06-20)
871478,2023/6/19,北京证券交易所交易公开信息(2023-06-19)
871478,2023/6/19,巨能股份(871478)交易公开信息
871478,2023/6/16,巨能股份(871478)交易公开信息
688590,2023/7/7,新致软件:2023年半年度业绩预增公告
688590,2023/7/4,新致软件:关于可转债转股结果暨股份变动的公告
688590,2023/6/27,新致软件:关于第四届董事会第二次会议相关事项的独立意见
688590,2023/6/27,新致软件:关于增资并收购参股子公司暨关联交易的公告
688590,2023/6/27,新致软件:上海新致软件股份有限公司拟增资所涉及的上海沐高网络科技有限公司股东全部权益价值资产评估报告
688590,2023/6/27,新致软件:第四届监事会第二次会议决议公告
688590,2023/6/27,新致软件:长江证券承销保荐有限公司关于上海新致软件股份有限公司增资并收购参股子公司暨关联交易的核查意见
688590,2023/6/22,新致软件:上海新致软件股份有限公司向不特定对象发行可转换公司债券受托管理事务报告（2022年度）
688590,2023/6/22,新致软件:上海新致软件股份有限公司向不特定对象发行可转换公司债券2023年跟踪评级报告
688590,2023/6/10,新致软件:关于实际控制人兼董事长增持公司股份计划实施完毕暨增持结果公告
603228,2023/7/4,景旺电子:景旺电子关于景20转债转股结果暨股份变动公告
603228,2023/6/27,景旺电子:景旺电子关于子公司使用募集资金临时补充流动资金提前归还的公告
603228,2023/6/21,景旺电子:景旺电子关于“景20转债”、“景23转债”2023年跟踪评级结果的公告
603228,2023/6/21,景旺电子:2023年深圳市景旺电子股份有限公司公开发行可转换公司债券2023年跟踪评级报告
603228,2023/6/21,景旺电子:2020年深圳市景旺电子股份有限公司公开发行可转换公司债券2023年跟踪评级报告
603228,2023/6/13,景旺电子:景旺电子独立董事关于公司第四届董事会第十次会议相关事项的独立意见
603228,2023/6/13,景旺电子:景旺电子第四届监事会第七次会议决议公告
603228,2023/6/13,景旺电子:景旺电子关于调整2019年限制性股票激励计划回购价格的公告
603228,2023/6/13,景旺电子:北京观韬中茂（深圳）律师事务所关于深圳市景旺电子股份有限公司调整2019年限制性股票激励计划回购价格的法律意见书
603228,2023/6/13,景旺电子:景旺电子第四届董事会第十次会议决议公告
600268,2023/6/20,国电南自:上海荣正企业咨询服务（集团）股份有限公司关于国电南自回购注销部分限制性股票及调整回购相关事项之独立财务顾问报告
600268,2023/6/20,国电南自:国电南自关于回购注销部分已获授但尚未解除限售的限制性股票及调整回购相关事项的公告
600268,2023/6/20,国电南自:国电南自独立董事对2023年第二次临时董事会会议相关事项的独立意见
600268,2023/6/20,国电南自:国电南自关于回购注销部分限制性股票减资暨通知债权人的公告
600268,2023/6/20,国电南自:国电南自关于间接控股子公司以未分配利润转增注册资本的公告
600268,2023/6/20,国电南自:国电南自2023年第二次临时董事会会议决议公告
600268,2023/6/20,国电南自:国电南自2023年第一次临时监事会会议决议公告
600268,2023/6/20,国电南自:北京德和衡（南京）律师事务所关于国电南自回购注销部分已获授但尚未解除限售的限制性股票及调整回购相关事项之法律意见书
600268,2023/6/20,国电南自:南京南自电力仪表有限公司审计报告（2022年1月1日至2022年12月31日止）
600268,2023/6/9,国电南自:国电南自关于2023年面向专业投资者公开发行科技创新绿色公司债券（第一期）发行结果公告
688661,2023/6/20,和林微纳:天衡会计师事务所（特殊普通合伙）关于对苏州和林微纳科技股份有限公司2022年年度报告的事后审核问询函的回复
688661,2023/6/20,和林微纳:关于2022年年度报告事后审核问询函的回复
688661,2023/6/20,和林微纳:国泰君安证券股份有限公司关于苏州和林微纳科技股份有限公司2022年年度报告事后审核问询函回复的核查意见
688661,2023/6/6,和林微纳:2022年年度权益分派实施公告
688661,2023/5/19,和林微纳:2022年年度股东大会决议公告
688661,2023/5/19,和林微纳:和林微纳2022年年度股东大会法律意见书
688661,2023/5/12,和林微纳:关于参加2022年度半导体行业专场集体业绩说明会的公告
688661,2023/5/9,和林微纳:2022年年度报告（更正稿）
688661,2023/5/9,和林微纳:关于2022年年度报告更正的公告
688661,2023/5/6,和林微纳:2022年年度股东大会资料
300563,2023/6/21,神宇股份:离任董监高持股及减持承诺事项的说明
300563,2023/6/21,神宇股份:上海市广发律师事务所关于神宇通信科技股份公司2023年第一次临时股东大会的法律意见书
300563,2023/6/21,神宇股份:关于公司财务总监兼董事会秘书变更的公告
300563,2023/6/21,神宇股份:独立董事关于相关事项的独立意见
300563,2023/6/21,神宇股份:第五届董事会第十三次会议决议公告
300563,2023/6/21,神宇股份:关于2023年限制性股票激励计划内幕信息知情人及激励对象买卖公司股票情况的自查报告
300563,2023/6/21,神宇股份:2023年第一次临时股东大会决议公告
300563,2023/6/16,神宇股份:监事会关于2023年限制性股票激励计划首次授予激励对象名单的审核意见及公示情况说明
300563,2023/6/12,神宇股份:2023年限制性股票激励计划（草案修订稿）
300563,2023/6/12,神宇股份:上海市广发律师事务所关神宇通信科技股份公司限制性股票激励计划（草案修订稿）的法律意见
833394,2023/6/13,民士达:关于接待机构投资者调研情况的公告
833394,2023/6/13,民士达:关于接待机构投资者调研情况的公告
833394,2023/6/8,民士达:烟台民士达特种纸业股份有限公司以募集资金置换预先投入募投项目自筹资金及已支付发行费用的专项说明鉴证报告
833394,2023/6/8,民士达:关于调整募集资金投资项目拟投入募集资金金额的公告
833394,2023/6/8,民士达:中泰证券股份有限公司关于烟台民士达特种纸业股份有限公司使用部分闲置募集资金购买理财产品的核查意见
833394,2023/6/8,民士达:中泰证券股份有限公司关于烟台民士达特种纸业股份有限公司使用募集资金置换预先已投入募投项目及已支付发行费用的自筹资金的核查意见
833394,2023/6/8,民士达:中泰证券股份有限公司关于烟台民士达特种纸业股份有限公司调整募集资金投资项目拟投入募集资金金额的核查意见
833394,2023/6/8,民士达:关于变更注册资本、公司类型及修订《公司章程》的公告
833394,2023/6/8,民士达:第五届监事会第十六次会议决议公告
833394,2023/6/8,民士达:关于使用部分闲置募集资金购买理财产品的公告
600178,2023/6/28,东安动力:国金证券股份有限公司关于哈尔滨东安汽车动力股份有限公司向特定对象发行股票之发行保荐书
600178,2023/6/28,东安动力:哈尔滨东安汽车动力股份有限公司最近一年审计报告以及最近一期的财务报告
600178,2023/6/28,东安动力:东安动力关于公司诉讼事项公告
600178,2023/6/28,东安动力:哈尔滨东安汽车动力股份有限公司向特定对象发行股票证券募集说明书（申报稿）
600178,2023/6/28,东安动力:国金证券股份有限公司关于哈尔滨东安汽车动力股份有限公司向特定对象发行股票之上市保荐书
600178,2023/6/28,东安动力:北京市中伦文德律师事务所关于哈尔滨东安汽车动力股份有限公司向特定对象发行股票之法律意见书
600178,2023/6/28,东安动力:东安动力关于向特定对象发行股票申请获得上海证券交易所受理的公告
600178,2023/6/26,东安动力_哈尔滨东安汽车动力股份有限公司向特定对象发行股票证券募集说明书（申报稿）
600178,2023/6/22,东安动力:东安动力八届十四次监事会决议公告
600178,2023/6/22,东安动力:东安动力八届二十次董事会会议决议公告
600823,2023/7/1,ST世茂:世茂股份关于未能按期支付债务的公告
600823,2023/6/26,ST世茂:世茂股份关于控股股东或其一致行动人增持计划进展的公告
600823,2023/6/22,ST世茂:世茂股份关于回购股份事项前十大股东和前十大无限售条件股东持股情况的公告
600823,2023/6/16,ST世茂:上海世茂股份有限公司2022年年度股东大会会议资料
600823,2023/6/13,ST世茂:世茂股份2023年5月房地产项目经营情况简报
600823,2023/6/10,ST世茂:世茂股份关于控股股东或其一致行动人增持计划进展的公告
600823,2023/6/5,ST世茂:世茂股份第九届董事会第十七次会议决议公告
600823,2023/6/5,ST世茂:世茂股份关于以集中竞价方式回购公司股份方案的公告
600823,2023/6/5,ST世茂:独立董事关于公司第九届董事会第十七次会议相关事项的独立意见
600823,2023/6/5,ST世茂:世茂股份关于召开2022年年度股东大会的通知
